-- phpMyAdmin SQL Dump
-- version 4.6.0
-- http://www.phpmyadmin.net
--
-- Host: localhost
-- Generation Time: Aug 10, 2016 at 03:15 AM
-- Server version: 5.7.9
-- PHP Version: 5.5.36

SET SQL_MODE = "NO_AUTO_VALUE_ON_ZERO";
SET time_zone = "+00:00";


/*!40101 SET @OLD_CHARACTER_SET_CLIENT=@@CHARACTER_SET_CLIENT */;
/*!40101 SET @OLD_CHARACTER_SET_RESULTS=@@CHARACTER_SET_RESULTS */;
/*!40101 SET @OLD_COLLATION_CONNECTION=@@COLLATION_CONNECTION */;
/*!40101 SET NAMES utf8mb4 */;

--
-- Database: `staff_bomba`
--

-- --------------------------------------------------------

--
-- Table structure for table `bahagian`
--

CREATE TABLE `bahagian` (
  `id_bahagian` int(254) NOT NULL,
  `nama_bahagian` varchar(255) NOT NULL DEFAULT '',
  `id_negeri` int(5) DEFAULT NULL,
  `id_jenis_bahagian` int(11) DEFAULT NULL,
  `kod_bahagian` varchar(20) DEFAULT NULL
) ENGINE=MyISAM DEFAULT CHARSET=latin1;

--
-- Dumping data for table `bahagian`
--

INSERT INTO `bahagian` (`id_bahagian`, `nama_bahagian`, `id_negeri`, `id_jenis_bahagian`, `kod_bahagian`) VALUES
(1, 'Pengurusan Tertinggi', 1, 1, NULL),
(2, 'Unit Undang-Undang', 1, 1, NULL),
(3, 'Unit Audit Dalaman', 1, 1, NULL),
(4, 'Unit Disiplin', 1, 1, NULL),
(5, 'Bahagian Pengurusan Korporat', 1, 1, NULL),
(6, 'Bahagian Pengurusan', 1, 1, NULL),
(7, 'Bahagian Latihan', 1, 1, NULL),
(8, 'Bahagian Pembangunan', 1, 1, NULL),
(9, 'Bahagian Operasi Kebombaan Dan Penyelamat', 1, 1, NULL),
(10, 'Bahagian Keselamatan Kebakaran', 1, 1, NULL),
(11, 'Bahagian Kejuruteraan Jentera', 1, 1, NULL),
(12, 'Bahagian Udara', 1, 1, NULL),
(13, 'Bahagian Penyiasatan Kebakaran', 1, 1, NULL),
(64, 'Zon Labuan', 16, 3, 'ZKS'),
(16, 'Zon Sungai Petani', 10, 3, 'ZSP'),
(17, 'Zon Kulim', 10, 3, 'ZKM'),
(18, 'Zon Langkawi', 10, 3, 'ZLW'),
(19, 'Zon Jalan Perak', 9, 3, 'ZJP'),
(20, 'Zon Bayan Lepas', 9, 3, 'ZBL'),
(21, 'Zon Perai', 9, 3, 'ZPI'),
(22, 'Zon Butterworth', 9, 3, 'ZBH'),
(23, 'Zon Ipoh', 8, 3, 'ZIH'),
(24, 'Zon Taiping', 8, 3, 'ZTG'),
(25, 'Zon Manjung', 8, 3, 'ZMJ'),
(26, 'Zon Tapah', 8, 3, 'ZTP'),
(27, 'Zon Shah Alam', 6, 3, 'ZSA'),
(28, 'Zon Petaling', 6, 3, 'ZPJ'),
(29, 'Zon Hulu Langat', 6, 3, 'ZHL'),
(30, 'Zon Klang', 6, 3, 'ZKG'),
(31, 'Zon KLIA', 6, 3, 'ZSS'),
(32, 'Zon Sabak Bernam', 6, 3, 'ZSU'),
(33, 'Zon Rawang', 6, 3, 'ZHS'),
(35, 'Zon Seremban', 5, 3, 'ZSN'),
(36, 'Zon Port Dickson', 5, 3, 'ZPD'),
(37, 'Zon Jempol', 5, 3, 'ZJL'),
(38, 'Zon Melaka Tengah', 4, 3, 'ZMT'),
(39, 'Zon Alor Gajah', 4, 3, 'ZAG'),
(40, 'Zon Johor Bharu', 3, 3, 'ZJB'),
(41, 'Zon Muar', 3, 3, 'ZMU'),
(42, 'Zon Kluang', 3, 3, 'ZKL'),
(43, 'Zon Kota Tinggi', 3, 3, 'ZKI'),
(44, 'Zon Kuantan', 14, 3, 'ZKN'),
(45, 'Zon Temerloh', 14, 3, 'ZTH'),
(46, 'Zon Lipis', 14, 3, 'ZLP'),
(47, 'Zon Kota Bharu', 12, 3, 'ZKB'),
(48, 'Zon Machang', 12, 3, 'ZMG'),
(49, 'Zon K. Terengganu', 13, 3, 'ZKT'),
(50, 'Zon Kerteh', 13, 3, 'ZKH'),
(51, 'Zon Kuching', 15, 3, 'ZKC'),
(52, 'Zon Samarahan', 15, 3, 'ZSR'),
(53, 'Zon Sri Aman', 15, 3, 'ZSA'),
(54, 'Zon Sibu', 15, 3, 'ZSU'),
(55, 'Zon Bintulu', 15, 3, 'ZBU'),
(56, 'Zon Miri', 15, 3, 'ZMI'),
(57, 'Zon Limbang', 15, 3, 'ZLG'),
(58, 'Zon Kota Kinabalu', 17, 3, 'ZKK'),
(59, 'Zon Kudat', 17, 3, 'ZKD'),
(60, 'Zon Beaufort', 17, 3, 'ZBT'),
(61, 'Zon Tawau', 17, 3, 'ZTU'),
(62, 'Zon Sandakan', 17, 3, 'ZSD'),
(63, 'Zon Keningau', 17, 3, 'ZKU'),
(65, 'Akademi Bomba Dan Penyelamat', 1, 1, NULL),
(66, 'Bomba Negeri Johor', 3, 2, NULL),
(67, 'Bomba Negeri Melaka', 4, 2, NULL),
(68, 'Bomba Negeri Negeri Sembilan', 5, 2, NULL),
(69, 'Bomba Negeri Selangor', 6, 2, NULL),
(70, 'Bomba Negeri Perak', 8, 2, NULL),
(71, 'Bomba Negeri Pulau Pinang', 9, 2, NULL),
(72, 'Bomba Negeri Kedah', 10, 2, NULL),
(73, '-', 11, 3, NULL),
(74, 'Bomba Negeri Kelantan', 12, 2, NULL),
(75, 'Bomba Negeri Terengganu', 13, 2, NULL),
(76, 'Bomba Negeri Pahang', 14, 2, NULL),
(77, 'Bomba Negeri Sarawak', 15, 2, NULL),
(78, 'Bomba Negeri Sabah', 17, 2, NULL),
(79, '-', 2, 3, NULL),
(80, '-', 7, 3, NULL),
(81, '-', 16, 3, NULL),
(82, 'Bahagian Perancangan dan Penyelidikan', 1, 1, 'RND'),
(15, 'Zon Kota Setar', 10, 3, 'ZKS'),
(83, 'Unit Integriti', 1, 1, NULL);

-- --------------------------------------------------------

--
-- Table structure for table `bahagian_unit`
--

CREATE TABLE `bahagian_unit` (
  `id_bahagian_unit` int(254) NOT NULL,
  `id_negeri` int(254) DEFAULT '1',
  `id_bahagian` int(3) NOT NULL DEFAULT '0',
  `id_unit` int(3) NOT NULL DEFAULT '0',
  `poskod` varchar(5) DEFAULT NULL,
  `alamat1` varchar(254) DEFAULT NULL,
  `alamat2` varchar(254) DEFAULT NULL,
  `alamat3` varchar(254) DEFAULT NULL,
  `koordinat` varchar(200) DEFAULT NULL,
  `no_tel` varchar(50) DEFAULT NULL,
  `no_fax` varchar(50) DEFAULT NULL,
  `emel_unit` varchar(200) DEFAULT NULL,
  `id_jenis_unit` int(2) DEFAULT NULL,
  `kod_unit` varchar(20) DEFAULT NULL,
  `id_status_bahagian_unit` int(11) DEFAULT '1'
) ENGINE=MyISAM DEFAULT CHARSET=latin1;

--
-- Dumping data for table `bahagian_unit`
--

INSERT INTO `bahagian_unit` (`id_bahagian_unit`, `id_negeri`, `id_bahagian`, `id_unit`, `poskod`, `alamat1`, `alamat2`, `alamat3`, `koordinat`, `no_tel`, `no_fax`, `emel_unit`, `id_jenis_unit`, `kod_unit`, `id_status_bahagian_unit`) VALUES
(1, 1, 1, 1, '62250', 'Jabatan Bomba Dan Penyelamat Malaysia', 'Lebuh Wawasan Presint 7', '2', '2.9319444,101.67371666666668', '03-88927600', '03-88880025', 'kp.bomba@1govuc.gov.my', 3, NULL, 1),
(2, 1, 2, 2, NULL, NULL, NULL, NULL, NULL, NULL, NULL, NULL, 3, NULL, 2),
(3, 1, 3, 3, NULL, NULL, NULL, NULL, NULL, NULL, NULL, NULL, 3, NULL, 2),
(5, 1, 5, 5, '62250', 'Jabatan Bomba Dan Penyelamat Malaysia', 'Lebuh Wawasan Presint 7', '2', '2.9319444,101.67371666666668', '03-88927652', '03-88880840', 'korporat.bomba@1govuc.gov.my', 3, 'KOR', 1),
(6, 1, 5, 6, '62250', 'Jabatan Bomba Dan Penyelamat Malaysia', 'Lebuh Wawasan Presint 7', '2', '2.9319444,101.67371666666668', '03-88927642', '03-88880840', 'korporat.bomba@1govuc.gov.my', 3, 'KOR', 1),
(7, 1, 5, 7, '62250', 'Jabatan Bomba Dan Penyelamat Malaysia', 'Lebuh Wawasan Presint 7', '7', '2.9319444,101.67371666666668', '03-88927643', '03-88880840', 'korporat.bomba@1govuc.gov.my', 3, 'KOR', 1),
(8, 1, 5, 8, '62250', 'Jabatan Bomba Dan Penyelamat Malaysia', 'Lebuh Wawasan Presint 7', NULL, '2.9319444,101.67371666666668', '03-88927641', '03-88880840', 'korporat.bomba@1govuc.gov.my', 3, 'KOR', 1),
(9, 1, 6, 5, '62250', 'Jabatan Bomba Dan Penyelamat Malaysia', 'Lebuh Wawasan Presint 7', NULL, '2.9319444,101.67371666666668', '03-8892 7600', '03-88893173', 'ramli.bomba@1govuc.gov.my', 3, NULL, 1),
(10, 1, 6, 10, '62250', 'Jabatan Bomba Dan Penyelamat Malaysia', 'Lebuh Wawasan Presint 7', NULL, '2.9319444,101.67371666666668', '03-8892 7600', '03-88883173', 'najid@bomba.gov.my', 3, 'ESM', 1),
(11, 1, 6, 11, '62250', 'Jabatan Bomba Dan Penyelamat Malaysia', 'Lebuh Wawasan Presint 7', NULL, '2.9319444,101.67371666666668', '03-8892 7600', '03-88883173', 'sitinor@bomba.gov.my', 3, 'CPK', 1),
(12, 1, 6, 12, '62250', 'Jabatan Bomba Dan Penyelamat Malaysia', 'Lebuh Wawasan Presint 7', NULL, '2.9319444,101.67371666666668', '03-8892 7600', '03-88883173', 'hisamudin@bomba.gov.my', 3, 'CPT', 1),
(13, 1, 6, 13, '62250', 'Jabatan Bomba Dan Penyelamat Malaysia', 'Lebuh Wawasan Presint 7', NULL, '2.9319444,101.67371666666668', '03-8892 7600', '03-88901358', 'rossliza@bomba.gov.my', 3, 'ICT', 1),
(14, 1, 7, 5, '62250', 'Jabatan Bomba Dan Penyelamat Malaysia', 'Lebuh Wawasan Presint 7', NULL, '2.9319444,101.67371666666668', '03-8892 7600', '03-88927680', 'latihan.bomba@1govuc.gov.my', 3, 'LAT', 1),
(15, 1, 7, 15, '62250', 'Jabatan Bomba Dan Penyelamat Malaysia', 'Lebuh Wawasan Presint 7', NULL, '2.9319444,101.67371666666668', '03-8892 7600', '03-88927680', 'hamdanbw@bomba.gov.my', 3, 'LAT', 1),
(17, 1, 7, 17, '62250', 'Jabatan Bomba Dan Penyelamat Malaysia', 'Lebuh Wawasan Presint 7', NULL, '2.9319444,101.67371666666668', '03-8892 7600', '03-88927680', 'latihan.bomba@1govuc.gov.my', 3, 'LAT', 1),
(18, 1, 7, 18, '62250', 'Jabatan Bomba Dan Penyelamat Malaysia', 'Lebuh Wawasan Presint 7', NULL, '2.9319444,101.67371666666668', '03-8892 7600', '03-88927680', 'latihan.bomba@1govuc.gov.my', 3, 'LAT', 1),
(20, 1, 7, 20, '62250', 'Jabatan Bomba Dan Penyelamat Malaysia', 'Lebuh Wawasan Presint 7', NULL, '2.9319444,101.67371666666668', '03-8892 7600', '03-88927680', 'latihan.bomba@1govuc.gov.my', 3, 'LAT', 1),
(21, 1, 8, 5, '62250', 'Jabatan Bomba Dan Penyelamat Malaysia', 'Lebuh Wawasan Presint 7', NULL, '2.9319444,101.67371666666668', '03-8892 7600', '03-88880842', 'pembangunan.bomba@1govuv.gov.my', 3, 'PGN', 1),
(22, 1, 8, 22, '62250', 'Jabatan Bomba Dan Penyelamat Malaysia', 'Lebuh Wawasan Presint 7', NULL, '2.9319444,101.67371666666668', '03-8892 7600', '03-88880842', 'pembangunan.bomba@1govuv.gov.my', 3, 'PGN', 1),
(23, 1, 8, 23, '62250', 'Jabatan Bomba Dan Penyelamat Malaysia', 'Lebuh Wawasan Presint 7', NULL, '2.9319444,101.67371666666668', '03-8892 7600', '03-88880842', 'pembangunan.bomba@1govuv.gov.my', 3, 'PGN', 1),
(24, 1, 9, 5, '62250', 'Jabatan Bomba Dan Penyelamat Malaysia', 'Lebuh Wawasan Presint 7', NULL, '2.9319444,101.67371666666668', '03-8892 7600', '03-88880966', 'operasi.bomba@1govuc.gov.my', 3, 'OPS', 1),
(25, 1, 9, 25, '62250', 'Jabatan Bomba Dan Penyelamat Malaysia', 'Lebuh Wawasan Presint 7', '2', '2.9319444,101.67371666666668', '03-8892 7600', '03-88880966', 'operasi.bomba@1govuc.gov.my', 3, 'OPS', 1),
(320, 7, 80, 315, '58100', 'Jalan Taman Desa', NULL, 'WP Kuala Lumpur', '3.210290,101.634772', '03-79848753', '03-79848753', 'oc_tmndesa@bombakl.gov.my', 1, 'TMD', 1),
(27, 1, 9, 27, '62250', 'Jabatan Bomba Dan Penyelamat Malaysia', 'Lebuh Wawasan Presint 7', '2', '2.9319444,101.67371666666668', '03-8892 7600', '03-88880966', 'operasi.bomba@1govuc.gov.my', 3, 'OPS', 1),
(28, 1, 9, 28, '62250', 'Jabatan Bomba Dan Penyelamat Malaysia', 'Lebuh Wawasan Presint 7', '2', '2.9319444,101.67371666666668', '03-8892 7600', '03-88880966', 'operasi.bomba@1govuc.gov.my', 3, 'OPS', 1),
(29, 1, 9, 29, '62250', 'Jabatan Bomba Dan Penyelamat Malaysia', 'Lebuh Wawasan Presint 7', '2', '2.9319444,101.67371666666668', '03-8892 7600', '03-88880966', 'operasi.bomba@1govuc.gov.my', 3, 'OPS', 1),
(30, 1, 9, 30, '62250', 'Jabatan Bomba Dan Penyelamat Malaysia', 'Lebuh Wawasan Presint 7', '2', '2.9319444,101.67371666666668', '03-8892 7600', '03-88880966', 'operasi.bomba@1govuc.gov.my', 3, 'OPS', 1),
(31, 1, 9, 31, '62250', 'Jabatan Bomba Dan Penyelamat Malaysia', 'Lebuh Wawasan Presint 7', '2', '2.9319444,101.67371666666668', '03-8892 7600', '03-88880966', 'operasi.bomba@1govuc.gov.my', 3, 'OPS', 1),
(32, 1, 9, 32, '62250', 'Jabatan Bomba Dan Penyelamat Malaysia', 'Lebuh Wawasan Presint 7', '2', '2.9319444,101.67371666666668', '03-8892 7600', '03-88880966', 'operasi.bomba@1govuc.gov.my', 3, 'OPS', 1),
(33, 1, 9, 33, '62250', 'Jabatan Bomba Dan Penyelamat Malaysia', 'Lebuh Wawasan Presint 7', '2', '2.9319444,101.67371666666668', '03-8892 7600', '03-88880966', 'operasi.bomba@1govuc.gov.my', 3, 'OPS', 1),
(34, 1, 9, 34, '62250', 'Jabatan Bomba Dan Penyelamat Malaysia', 'Lebuh Wawasan Presint 7', '2', '2.9319444,101.67371666666668', '03-8892 7600', '03-88880966', 'operasi.bomba@1govuc.gov.my', 3, 'OPS', 1),
(312, 1, 65, 312, '31750', 'KM 55Lebuh Raya Ipoh-Lumut', 'Tronoh', '8', NULL, '05-3677444', '05-3677201', 'fram_perak@yahoo.com', 2, NULL, 1),
(36, 1, 10, 5, '62250', 'Jabatan Bomba Dan Penyelamat Malaysia', 'Lebuh Wawasan Presint 7', '2', '2.9319444,101.67371666666668', '03-8892 7600', '03-88927977', 'bkkjbpm.bomba@1govuc.gov.my', 3, 'BKK', 1),
(510, 1, 82, 445, '71760', 'Pusat Penyelidikan dan Kebombaan (PUSPEK),JBPM,', 'Lengkok Teknologi, Kaw.Perindustrian Enstek, Nilai', '5', '2.7386944,101.76497222222223', '06-7997600', '06-7997604', 'research.bomba@1govuc.gov.my', 3, 'RMP', 1),
(39, 1, 10, 39, '62250', 'Jabatan Bomba Dan Penyelamat Malaysia', 'Lebuh Wawasan Presint 7', '2', '2.9319444,101.67371666666668', '03-8892 7600', '03-88927977', 'bkkjbpm.bomba@1govuc.gov.my', 3, 'BKK', 1),
(40, 1, 10, 40, '62250', 'Jabatan Bomba Dan Penyelamat Malaysia', 'Lebuh Wawasan Presint 7', '2', '2.9319444,101.67371666666668', '03-8892 7600', '03-88927977', 'bkkjbpm.bomba@1govuc.gov.my', 3, 'BKK', 1),
(41, 1, 10, 41, '62250', 'Jabatan Bomba Dan Penyelamat Malaysia', 'Lebuh Wawasan Presint 7', '2', '2.9319444,101.67371666666668', '03-8892 7600', '03-88927977', 'bkkjbpm.bomba@1govuc.gov.my', 3, 'BKK', 1),
(313, 1, 65, 313, '94000', 'D/A Balai Bomba dan Penyelamat Bau', 'KM4, Jalan Bau-Krokong, Bau,', '15', NULL, '082-762871', '082-762954', 'abpm-swk.bomba@1govuc.gov.my', 2, 'ABPMS', 1),
(43, 1, 10, 43, '62250', 'Jabatan Bomba Dan Penyelamat Malaysia', 'Lebuh Wawasan Presint 7', '2', '2.9319444,101.67371666666668', '03-8892 7600', '03-88927977', 'bkkjbpm.bomba@1govuc.gov.my', 3, 'BKK', 1),
(44, 1, 10, 44, '62250', 'Jabatan Bomba Dan Penyelamat Malaysia', 'Lebuh Wawasan Presint 7', '2', '2.9319444,101.67371666666668', '03-8892 7600', '03-88927977', 'bkkjbpm.bomba@1govuc.gov.my', 3, 'BKK', 1),
(45, 1, 10, 45, '62250', 'Jabatan Bomba Dan Penyelamat Malaysia', 'Lebuh Wawasan Presint 7', '2', '2.9319444,101.67371666666668', '03-8892 7600', '03-88927977', 'bkkjbpm.bomba@1govuc.gov.my', 3, 'BKK', 1),
(46, 1, 10, 46, '62250', 'Jabatan Bomba Dan Penyelamat Malaysia', 'Lebuh Wawasan Presint 7', '2', '2.9319444,101.67371666666668', '03-8892 7600', '03-88927977', 'piawaian.bomba@1govuc.gov.my', 3, 'BKK', 1),
(47, 1, 11, 47, '43900', 'Pusat Kejuruteraan Jentera, JBPM,', 'Bandar Baru Salak Tinggi, Sepang', '6', NULL, '03-8706 6344', '03-8706 3297', 'kejuruteraan.bomba@1govuc.gov.my', 3, 'KJT', 1),
(48, 1, 11, 5, '43900', 'Pusat Kejuruteraan Jentera, JBPM,', 'Bandar Baru Salak Tinggi, Sepang', '6', NULL, '03-8706 6344', '03-8706 3297', 'drusbm.bomba@1govuc.gov.my', 3, 'KJT', 1),
(50, 1, 11, 50, '43900', 'Pusat Kejuruteraan Jentera, JBPM,', 'Bandar Baru Salak Tinggi, Sepang', '6', NULL, '03-8706 6344', '03-8706 3297', 'kejuruteraan.bomba@1govuc.gov.my', 3, 'KJT', 1),
(516, 1, 10, 451, '62250', 'Jabatan Bomba Dan Penyelamat Malaysia', 'Lebuh Wawasan Presint 7', '2', '2.9319444,101.67371666666668', '03-8892 7600', '03-88927977', 'bkkjbpm.bomba@1govuc.gov.my', 3, 'BKK', 1),
(52, 1, 12, 5, '62250', 'Jabatan Bomba dan Penyelamat Malaysia', 'Lebuh wawasan, Presint 7', '2', '2.9319444,101.67371666666668', '03-88920478', '03-8888 0973', 'moys.bomba@1govuc.gov.my', 3, 'UDARA', 1),
(311, 1, 65, 311, '21040', 'KM 24, Jalan Kuala Berang, Wakaf Tapai,', 'Marang,', '13', NULL, '09-6803301', '09-6803304', 'abpm@wakaftapai.fram.edu.my', 2, 'ABWT', 1),
(57, 1, 12, 56, '47200', 'D/A Arod Sdn. Bhd', 'Jalan Lapangan Terbang, Subang', '6', NULL, '03-78472643', '03-78472106', '-', 3, 'PUS', 1),
(65, 1, 13, 5, '62250', 'Jabatan Bomba dan Penyelamat Malaysia', 'Lebuh wawasan, Presint 7', '2', '2.9319444,101.67371666666668', '03-88927600', '03-88927979', 'proforensik.bomba@1govuc.gov.my', 3, 'BPK', 1),
(66, 1, 13, 66, '62250', 'Jabatan Bomba Dan Penyelamat Malaysia', 'Lebuh Wawasan Presint 7', '2', '2.9319444,101.67371666666668', '03-8892 7600', '03-88927979', 'proforensik.bomba@1govuc.gov.my', 3, 'BPK', 1),
(67, 1, 13, 67, '62250', 'Jabatan Bomba Dan Penyelamat Malaysia', 'Lebuh Wawasan Presint 7', '2', '2.9319444,101.67371666666668', '03-8892 7600', '03-88927979', 'proforensik.bomba@1govuc.gov.my', 3, 'BPK', 1),
(68, 1, 13, 68, '62250', 'Jabatan Bomba Dan Penyelamat Malaysia', 'Lebuh Wawasan Presint 7', '2', '2.9319444,101.67371666666668', '03-8892 7600', '03-88927979', 'proforensik.bomba@1govuc.gov.my', 3, 'BPK', 1),
(310, 1, 65, 310, '44000', 'Jalan Padang Tembak', 'Kuala Kubu Bharu', '6', NULL, '03-60641329', '03-60641494', NULL, 2, 'ABKKB', 1),
(70, 1, 82, 5, '71760', 'Pusat Penyelidikan dan Kebombaan (PUSPEK),JBPM,', 'Lengkok Teknologi, Kaw.Perindustrian Enstek, Nilai', '5', '2.9319444,101.67371666666668', '06-7997600', '06-7997604', 'research.bomba@1govuc.gov.my', 3, 'RMP', 1),
(518, 1, 5, 453, '62250', 'Jabatan Bomba Dan Penyelamat Malaysia', 'Lebuh Wawasan Presint 7', NULL, '2.9319444,101.67371666666668', '03-88927944', '03-88880840', 'korporat.bomba@1govuc.gov.my', 3, 'KOR', 1),
(521, 14, 45, 456, '28000', ' By Pass Temerloh-Mentakab', 'Temerloh', '14', NULL, '09-2716999  ', '09-2716994', 'bbp_temerloh@bomba.gov.my', 1, NULL, 1),
(522, 8, 23, 457, '30020', 'balai bomba dan penyelamat meru raya, ipoh', NULL, 'Perak', 'lalitiud 04403780, longlitiud 101044031', '055264444', '055268655', 'bbp_meru@bomba.gov.my', 1, NULL, 1),
(517, 1, 8, 452, '62250', 'Jabatan Bomba Dan Penyelamat Malaysia', 'Lebuh Wawasan Presint 7', NULL, '2.9319444,101.67371666666668', '03-8892 7600', '03-88880842', 'pembangunan.bomba@1govuv.gov.my', 3, 'PGN', 1),
(75, 11, 73, 75, '01000', 'Persiaran Jubli Emas,  Kangar', NULL, 'Perlis', '6\'26\'28.75" . 100\'12\'00.35"', '04-9760544', '04-9774627', 'kangar@bombaps.gov.my', 1, 'KGR', 1),
(76, 10, 15, 76, '05200', 'Jalan Tun Razak', 'Alor  Setar', 'Kedah', '100.22.533 , 06.08.340', '04-7344444', '04-7328271', ' mahmadfauzi@bombakedah.gov.my', 1, 'AST', 1),
(77, 10, 15, 77, '06000', 'BBP Jitra', NULL, 'Kedah', '6.268172,100.420241', '04-9171444', '04-9171830', 'bombajitra@gmail.com', 1, 'JTR', 1),
(78, 10, 15, 78, '05000', 'BBP Jalan Raja', 'Alor Setar', 'Kedah', '06:06,9392 N , 100:21,9224', '04-7349307', '04-7328367', 'bbpjalanraja@yahoo.com', 1, 'JRJ', 1),
(79, 10, 15, 79, '06300', 'BALAI BOMBA DAN PENYELAMAT KUALA NERANG', 'KUALA NERANG', 'Kedah', 'N 6 14.710  E100 36.071', '04-7867584', '04-7860439', 'bmbakng@streamyx.com', 1, 'KNG', 1),
(80, 10, 15, 80, '06050', 'Balai Bomba Dan Penyelamat Bukit Kayu Hitam', '06050 Bukit Kayu Hitam kedah', 'Kedah', '6.506100,100.422479', '04-9222350', '04-9221520', 'bbpbkh@yahoo.com', 1, 'BKH', 1),
(81, 10, 16, 81, '08000', 'Balai Bomba dan Penyelamat Sungai Petani', 'Jalan Petri, Sungai Petani', 'Kedah', '5.639887,100.485319', '04-4214444', '04-4235586', 'rosdi-ismail.bomba@1govuc.gov.my', 1, 'SGP', 1),
(82, 10, 16, 82, '08800', 'Balai Bomba Dan Penyelamat Guar Chempedak 08800', 'Guar Chempedak Kedah', 'Kedah', '100:27\'38.4E  2:5\'9.2N', '04-4686444', '04-4681551', 'bbpgck@yahoo.com', 1, 'GCK', 1),
(83, 10, 16, 83, '08200', 'Balai Bomba dan Penyelamat Sik', 'Jalan Hospital Sik', 'Kedah', '5.810345,100.728946', '04-4695216', '04-4695461', 'jbpmsik@yahoo.com.my', 1, 'SIK', 1),
(84, 10, 16, 84, '08600', 'Balai  Bomba dan Penyelamat Tikam Batu Sungai Petani', NULL, 'Kedah', '5.589751,100.447584', '04-4388444', '044389931', 'jbpmtbt@yahoo.com', 1, 'TBT', 1),
(85, 10, 17, 85, '09000', 'Jalan Tunku Asaad', 'Kulim', 'Kedah', 'Lat: 05: 22..0470 N 	 Log : 100 : 32.6463 E', '04-4904444', '04-4953951', 'bombakulim@gmail.com', 1, 'KLM', 1),
(86, 10, 17, 86, '09000', 'Balai Bomba dan Penyelamat Kulim Hi Tech , Jalan Mahang', NULL, 'Kedah', 'Lat:  05: 23.820 N   Log : 100 : 34.514 E', '04-4034444', '04-4035254', 'bombakhtp@yahoo.com.my', 1, 'KHT', 1),
(87, 10, 17, 87, '09100', 'Jalan Mahmud,', 'Baling', '10', '5.672680,100.915650', '04-4701444', '04-4707187', 'bombabaling@yahoo.com.my', 1, 'BLG', 1),
(88, 10, 17, 88, '09800', 'Balai Bomba dan Penyelamat Serdang,', 'Jalan Raya Serdang, 09800 Kedah Darul Aman', NULL, 'Lat 05:11,5655 N, Long 100\'36,6387', '04-4077444', '04-4076526', 'bbpserdang', 1, 'SDG', 1),
(89, 10, 18, 89, '07000', 'Balai Bomba dan Penyelamat Langkawi', 'Jalan Ayer Hangat,Langkawi', 'Kedah', '6.328062, 99.851440', '04-9693004', '04-9666444', 'bbp_langkawi@yahoo.com', 1, 'LKW', 1),
(90, 10, 18, 90, '07000', 'Balai Bomba Dan Penyelamat', 'Persiaran Putra, Kuah Langkawi', 'Kedah', '6.321070,99.848878', '04-9664444', '04-9672744', 'persiaranputra@yahoo.com', 1, 'LKP', 1),
(91, 9, 19, 91, '11600', 'JALAN PERAK,', 'GEORGETOWN', 'Pulau Pinang', '5.401843,100.315223', '04-2825544 / 5744', '04-2810680', 'jalanperak@bombapenang.gov.my', 1, 'JPK', 1),
(92, 9, 19, 92, '10470', 'JALAN TANJUNG TOKONG,', 'GEORGETOWN', 'Pulau Pinang', ' 5.44126,100.30679', '04-8907335 / 0281', '04-890 4444', 'baganjermal@bombapenang.gov.my', 1, 'BJL', 1),
(93, 9, 19, 93, '10300', 'Balai Bomba Dan Penyelamat Lebuh Pantai,', 'Georgetown', 'Pulau Pinang', '5.415243,100.339601', '04-2614444', '04-262 4444', 'bbp_lebuhpantai@bomba.gov.my', 1, 'LPI', 1),
(94, 9, 19, 94, '11500', 'JALAN PAYA TERUBONG,', 'AIR ITAM', 'Pulau Pinang', '5.389367,100.275325', '04-8270114 / 0127', '04-827 0146', 'bbp-pyterubong.bomba@1govuc.gov.my', 1, 'PTG', 1),
(95, 9, 20, 95, '11950', 'JALAN TENGAH,', 'BAYAN BARU', 'Pulau Pinang', '5.32012,100.28046', '04-6434444 / 0445', '04-644 4444', '1govuc\\bbp-bynbaru.bomba	', 1, 'BBU', 1),
(96, 9, 20, 96, '11050', 'Balai Bomba Dan Penyelamat Teluk Bahang,', 'Jalan Teluk Bahang,', 'Pulau Pinang', '5.455328,100.214586', '04-8814152 / 4153', '04-881 4154 / 4416', 'bbp-tlkbahang.bomba@1govuc.gov.my			', 1, 'TKB', 1),
(97, 9, 20, 97, '11000', 'AIR PUTEH,JALAN SUNGAI PINANG', 'BALIK PULAU', 'Pulau Pinang', ' 5.359921,100.223947', '04-8661360 / 8669444', '04-866 4444', 'bbp-blkpulau.bomba@1govuc.gov.my		', 1, 'BPU', 1),
(98, 9, 21, 98, '14000', '1025 MK 7,				', 'JALAN PERDA UTAMA, BUKIT MERTAJAM', 'Pulau Pinang', '5.371535,100.445632', '04-5373864', '04 - 5397236', '1govuc\\bbp-bdrperda.bomba', 1, 'BDP', 1),
(99, 9, 21, 99, '13600', 'JALAN PERUSAHAAN,', 'PERAI,', 'Pulau Pinang', '5.366666,100.393924', '04-3984444 / 3970759', '04-397 1984 / 390 4444', 'bbp-perai.bomba', 1, 'PRI', 1),
(100, 9, 21, 100, '14000', 'JALAN CHE BEE NOR,', 'BUKIT MERTAJAM', 'Pulau Pinang', '5.36538,100.46184', '04 - 538 4444 / 537', '04-530 4444', 'bbp-bmertajam.bomba@1govuc.gov.my			', 1, 'BTM', 1),
(101, 9, 21, 101, '14300', 'Jalan Atas,', 'Nibong Tebal,', 'Pulau Pinang', 'U 5-9-30.3\', T 100-28-11.4\'', '04-5931444 / 9544', '04-594 2920', 'bbp-nbgtebal.bomba@1govuc.gov.my', 1, 'NTL', 1),
(102, 9, 21, 102, '14100', 'JALAN BESAR,SIMPANG AMPAT,', 'SEBERANG PERAI SELATAN', 'Pulau Pinang', '5.261158,100.473017', '04-5874797 / 4945', '04-587 2275', '1govuc\\bbp-sgbakap.bomba		', 1, 'SBK', 1),
(103, 9, 22, 103, '12000', 'JALAN BAGAN LUAR,', 'BUTTERWORTH', 'Pulau Pinang', '5.402270,100.368911', '04-3314444 / 3324444', '04-323 4444', 'bbp_bworth@bomba.gov.my		', 1, 'BTH', 1),
(104, 9, 22, 104, '13200', 'JALAN TUN HAMDAN SHEIKH TAHIR,', 'KEPALA BATAS', 'Pulau Pinang', '5.516821,100.434203', '04-5754444 / 5244', '04-574 4444', 'bbp-kbatas.bomba@1govuc.gov.my', 1, 'KPB', 1),
(105, 9, 22, 105, '13110', 'PENAGA,', 'SEBERANG PERAI UTARA', 'Pulau Pinang', 'lat 5^13\'185" / long 100^41\'56.7"', '04-5794175', '04-579 4217', 'bbp-kualamuda.bomba@1govuc.my', 1, 'KMD', 1),
(106, 9, 22, 106, '13300', 'JALAN PADANG SERAI,', 'TASEK GELUGOR, SEBERANG PERAI UTARA', 'Pulau Pinang', '5.500002,100.522311', '04-5734706 / 7254', '04-573 4810', 'bbp-tskgelugor.bomba			', 1, 'TGR', 1),
(107, 8, 23, 107, '31400', 'Jalan Kompleks Sukan', '31400, Ipoh', 'Perak', '4.36363,101.061842', '05-5474444 / 2596', '05-545 8714', 'amipoh@bombaperak.gov.my', 1, 'IPH', 1),
(108, 8, 23, 108, '31900', 'Jalan Iskandar', ' Kampar', 'Perak', '4:18:24.07,101:9:18.3', '05-4664444', '05-4661744', 'bbp-kampar.bomba@1govuc.gov.my', 1, 'KPR', 1),
(109, 8, 23, 109, '33000', 'Jalan Taiping', '33000, Kuala Kangsar', 'Perak', '4.772156,100.926881', '05-7764444', '05-7774715', 'kbkuala@bombaperak.gov.my', 1, 'KKR', 1),
(110, 8, 23, 110, '31000', 'Jalan Bomba', '31000, Batu Gajah', 'Perak', 'E 1012209 N 428212', '05-3664444', '05-3669587', 'bbp-1 govuc\\btgajah.bomba.', 1, 'BGH', 1),
(111, 8, 23, 111, '31600', 'Jalan Key Long', '31600, Gopeng', 'Perak', '4.281119,101.095115', '05-3594444', '05 – 3592176', 'bbp_gopeng@bomba.gov.my', 1, 'GPG', 1),
(112, 8, 23, 112, '31100', 'Jalan Besar', 'Sungai Siput (U)', 'Perak', '4.490606,101.042526', '05-5982444', '05-5989045', 'bbp_sgsiput@bomba.gov.my', 1, 'SGS', 1),
(113, 8, 23, 113, '31650', 'Jalan Pasir Puteh', '31650, Pengkalan', 'Perak', '4.322385,101.03290', '05-3229549 / 9548', '05-321 6402', 'kbputeh@bombaperak.gov.my', 1, 'PTH', 1),
(114, 8, 23, 114, '31300', 'Kepayang Sungai Raia', ' Simpang Pulai', 'Perak', '4.314969,101.075209', '05-3574444/1123', '05-3575772', 'ampulai@bombaperak.gov.my', 1, 'SGP', 1),
(115, 8, 24, 115, '34000', 'Jalan Panggung Wayang', '34000, Taiping', 'Perak', '4.851050,100.742992', '05-8084444', '05 - 8052969', 'bbp_taiping@bomba.gov.my', 1, 'TPG', 1),
(116, 8, 24, 116, '33100', 'Jalan Sri Adika Raja', '33100, Pengkalan Hulu', 'Perak', '5.699621,101.000310', '04-4778344', '04-4770544', 'bbp-pgklnhulu.bomba@1govuc.gov.my', 1, 'PHU', 1),
(117, 8, 24, 117, '33300', 'Jalan Intan', 'Gerik', 'Perak', '5.429815,101.128095', '05-7911444', '05-7916109', 'bbp_gerik@bomba.gov.my', 1, 'GRK', 1),
(118, 8, 24, 118, '33400', 'Jalan Besar', '33400, Lenggong', 'Perak', 'N5.104610,E100.967183', '05-7677444', '05-7679750', 'bbp-lenggong@bomba.gov.my', 1, 'LGG', 1),
(119, 8, 24, 119, '34100', 'Jalan Menteri', 'Selama', 'Perak', '5.221983,100.698920', '05-8394444', '05-8396480', 'bbp-selama.bomba@1govuc.gov.my', 1, 'SMA', 1),
(120, 8, 24, 120, '34200', 'Lorong Bomba', '34200, Parit Buntar', 'Perak', '5.074824,100.291580', '05-7164444', '05-7171609', 'bbp-ptbuntar.bomba@1govuc.gov.my', 1, 'PBR', 1),
(121, 8, 24, 121, '34600', 'Kawasan Perindustrian Kamunting', 'Kamunting', 'Perak', '4.896800,100.711115', '05-8912322', '05-8913520', 'bbp-kamunting.bomba@1govuc.gov.my', 1, 'KTG', 1),
(122, 8, 24, 122, '34350', 'Jalan Pantai', ' 34350, Kuala Kurau', 'Perak', '5.016982,100.432728', '05-7277444', '05 – 727 6478', 'kbkurau@bombaperak.gov.my', 1, 'KKU', 1),
(123, 8, 24, 123, '34300', 'Jalan Besar', '34300, Bagan Serai', 'Perak', '5.008196,100.540263', '05-7215444', '05-7210331', 'bsi7435@gmail.com', 1, 'BSI', 1),
(124, 8, 25, 124, '32040', 'Jalan Dato\'Seri Kamaruddin', 'Seri Manjung', 'Perak', 'Lat 4:11\'39.6N  Long 100:39\'39.1E', '05-6884444', '05-6883287', 'IGOVUC/bbp-manjung.bomba', 1, 'SMG', 1),
(125, 8, 25, 125, '32000', 'Jalan Haji Mohd Ali', '32000, Sitiawan', 'Perak', '4.131019,100.414073', '05-69144444', '05-6919010', 'bbp_sitiawan@bomba.gov.my', 1, 'STN', 1),
(126, 8, 25, 126, '34900', 'Jalan Pengkalan Bharu,', ' Pantai Remis,', 'Perak', '04.27\'33.0"N, 100.37\'50.3"E', '05-6771444', '05-6777312', 'bbp-remis.bomba@1govuc.gov.my', 1, 'PRS', 1),
(127, 8, 25, 127, '32800', 'Jalan Masjid', '32800, Parit', 'Perak', '4.283462,100.54300', '05-3771444', '05-3775257', 'bbp_parit@bomba.gov.my', 1, 'PRT', 1),
(128, 8, 25, 128, '32600', 'Sri Iskandar', '32600, Bota', 'Perak', '4.131019,100.414073', '05-3712024', '05 – 371 1839', 'kbiskandar@bombaperak.gov.my', 1, 'SIR', 1),
(129, 8, 25, 129, '32300', 'Jalan Besar', 'Pulau Pangkor', 'Perak', '100 : 34’ 309.5 E  Log	4 : 12’ 487.9 N  Lat', '05-6851144', '05-6854680', '1govuc/bbp-pangkor.bomba', 1, 'PPR', 1),
(130, 8, 26, 130, '35000', 'Jalan Cenderiang Lama', '35000, Tapah', 'Perak', '4.052808,101.153158', '05-4011444 / 5444', '05-4013579', 'kbtapah@bombaperak.gov.my', 1, 'TPH', 1),
(131, 8, 26, 131, '36000', 'Jalan Laksamana', '36000, Telok Intan', 'Perak', '4.005115,101.020266', '05-6221444', '05-6233387', 'kbintan@bombaperak.gov.my', 1, 'TIN', 1),
(132, 8, 26, 132, '35900', 'Jalan Slim', 'Tanjung Malim', 'Perak', '3.405519,101.311961', '05-4596444', '05-4581346', '1govuc\\bbp-tjgmalim.bomba', 1, 'TGM', 1),
(133, 8, 26, 133, '35500', 'Jalan Sungkai', '35500, Bidor', 'Perak', '4.052808,101.170185', '05-4340444', '05-4348920', 'bbp-bidor@1govuc.gov.my', 1, 'BDR', 1),
(134, 8, 26, 134, '35800', 'Jalan Sungkai', '35800, Slim River', 'Perak', '034953.1,1012420.2', '05-4528444', '05-4526912', 'bbp_slimriver@bomba.gov.my', 1, 'SRR', 1),
(135, 6, 27, 135, '40200', 'Persiaran Sultan, Seksyen 15,', 'Shah Alam,', 'Selangor', '3.06053,101.52106', '03-55194444', '03-55134716/02324', 'bbp-shahalam.bomba@1govuc.gov.my', 1, 'SHA', 1),
(136, 6, 27, 136, '40150', 'Persiaran Tebar Layar, Seksyen U8,', 'Bukit Jelutong, Shah Alam,', 'Selangor', '3.11024,101.54544', '03-78464211', '03-78472446', 'mfarid-hussin.bomba@1govuc.gov.my', 1, 'BJG', 1),
(137, 6, 27, 137, '47000', 'Jalan 3/2, Bandar Baru,', 'Sungai Buloh', 'Selangor', '3.20111,101.56059', '03-61575055 / 57', '03-61577871', 'sabri-deen.bomba@1govuc.gov.my', 1, 'SGB', 1),
(138, 6, 28, 138, '46050', 'No,81,Jalan Penchala,', 'Petaling Jaya,', 'Selangor', '3.09304,101.64018', '03-77821994', ' 03-77831994', ' bbp-penchala.bomba@1govuc.gov.my', 1, 'JPC', 1),
(139, 6, 28, 139, '47500', 'Lot 7345, Jalan SS 17/2,', 'Subang Jaya,', 'Selangor', '3.04252, 101.35048', '03-56349444/8444', '03-56314077', 'bbp-subang.bomba@1govuc.gov.my', 1, 'SBJ', 1),
(140, 6, 28, 140, '43300', 'Jalan Raya Satu,', 'Seri Kembangan,', 'Selangor', '3.02054,101.70938', '03-89416281/7636', '03-89416436', 'bbp-serikmbgn.bomba@1govuc.gov.my', 1, 'SRD', 1),
(141, 6, 28, 141, '47300', 'Jalan SS 2/2,', 'Petaling Jaya,', 'Selangor', '3.12532,101.62344', '03-77294444', '03-77292341', 'bbp_damansara@bomba.gov.my', 1, 'DMS', 1),
(142, 6, 28, 142, '46675', 'Jalan Yong Shook Lin,', 'Petaling Jaya,', 'Selangor', '3.09749,101.64342', '03-79854444/5857', '03-79542513', 'bbp-pj.bomba@1govuc.gov.my', 1, 'SPJ', 1),
(143, 6, 28, 143, '47100', 'Jalan Wawasan, Pusat Bandar Puchong,', 'Puchong,', 'Selangor', '3.03988,101.65071', '03-80707879/60/34', '03-80707849', 'bbp-puchong.bomba@1govuc.gov.my', 1, 'PCG', 1),
(144, 6, 29, 144, '55100', 'Jalan Pandan Utama,', 'Pandan Indah,', 'Selangor', '3.12824,101.74907', '03-92746253/92746250', '03-92746316', 'bbp-pandan.bomba@1govuc.gov.my', 1, 'PDN', 1),
(145, 6, 29, 145, '68000', 'Jalan Merdeka,', 'Ampang,', 'Selangor', '3.146350,101.763200', '03-42924444', '03-42961312', 'bbp-ampang.bomba@1govuc.gov.my', 1, 'APG', 1),
(146, 6, 29, 146, '43650', 'Jalan Kemajuan, Seksyen 16,', 'Bandar Baru Bangi', 'Selangor', '2.936897,101.763003', '03-89254444', '03-89262344', 'bbp-bangi.bomba@1govuc.gov.my', 1, 'BGI', 1),
(147, 6, 29, 147, '43000', 'Jalan Bukit Mewah,', 'Kajang,', 'Selangor', '2.98904,101.79347', '03-87364444', '03-87361344', 'bbp_kajang@bomba.gov.my', 1, 'KJG', 1),
(148, 6, 30, 148, '42000', 'Persiaran Raja Muda Musa,', 'Pelabuhan Klang,', 'Selangor', '3.01212,101.40902', '03-31684444/9764', '03-31655934', 'bbp-pelklang.bomba@1govuc.gov.my', 1, 'PKG', 1),
(149, 6, 30, 149, '41000', 'Jalan Gedung Raja Abdullah,', 'Klang,', 'Selangor', '3.04264,101.44742', '03-33714444/32160', '03-33731854', 'bbp-kotaraja.bomba@1govuc.gov.my', 1, 'KAR', 1),
(150, 6, 30, 150, '41200', 'Jalan Tun Dr. Ismail, Taman Seri Andalas,', 'Klang,', 'Selangor', '3.01902,101.44986', '03-33734444', '03-33738013', 'bbp-andalas@bomba.gov.my', 1, 'AND', 1),
(151, 6, 30, 151, '41400', 'Batu 1 1/2, Jalan Kapar,', 'Klang,', 'Selangor', '3.06059,101.44332', '03-33424444', '03-33731854', 'bbp-sgpinang.bomba@1govuc.gov.my', 1, 'SPG', 1),
(152, 6, 31, 152, '64000', 'B20, K.L. International Airport,', 'Sepang,', 'Selangor', '2.78625,101.67767', '03-87874970/4975', '03-87874986', 'bbp-klia.bomba@1govuc.gov.my', 1, 'KLI', 1),
(153, 6, 31, 153, '63000', 'Persiaran APEC,', 'Cyberjaya,', 'Selangor', '2.91277,101.65686', '03-83184944', '03-83184944 / 03-83196997', 'izman-adnan.bomba@1govuc.gov.my', 1, 'CBY', 1),
(154, 6, 31, 154, '42700', 'Jalan Sultan Abdul Samad,', 'Banting', 'Selangor', '2.81465,101.5059', '03-31871444', '03-31815055', 'bbp_banting@bomba.gov.my', 1, 'BTN', 1),
(155, 6, 31, 155, '43900', 'Sepang,', NULL, 'Selangor', '2.68857,101.75046', '03-31421333', '03-31421515', '1GOVUC\\bbp-sepang.bomba', 1, 'SPG', 1),
(156, 6, 32, 156, '45200', 'Jalan Raja Chulan,', 'Sabak Bernam,', 'Selangor', '3.76798,100.98288', '03-32161444', '03-32164588', 'bbp-sabak.bomba@1govuc.gov.my', 1, 'SBK', 1),
(157, 6, 32, 157, '45300', 'Jalan Sungai Limau,', 'Sungai Besar,', 'Selangor', '3.66473,100.99362', '03-32246434/912', '03-32244816', 'bbp-sgbesar.bomba@1govuc.gov.my', 1, 'SBR', 1),
(158, 6, 32, 158, '45400', 'Jalan Bernam,', 'Sekinchan,', 'Selangor', '3.51688,101.09566', '03-32418075', '03-32417039', 'bbp-sekinchan.bomba@1govuc.gov.my', 1, 'SKN', 1),
(159, 6, 32, 159, '45500', 'Jalan Bomba,', 'Tanjung Karang,', 'Selangor', '3.42321,101.16589', '03-32698444 / 4424', '03-32693448', 'bbp-tjgkarang.bomba@1govuc.gov.my', 1, 'TGK', 1),
(160, 6, 32, 160, '45000', 'Jalan Keramat Tanjung,', 'Kuala Selangor,', 'Selangor', '3.34313,101.24841', '03-32891444 / 7682', '03-32897751', 'bbp-kualasgor.bomba@1govuc.gov.my', 1, 'KSG', 1),
(161, 6, 32, 161, '45600', 'Bestari Jaya,', NULL, 'Selangor', '3.37866,101.40296', '03-32719444', '03-32717395', 'bbp-bestari.bomba@1govuc.gov.my', 1, 'BJY', 1),
(162, 6, 33, 162, '68100', 'Jalan Persiaran 1,', 'Bandar Baru Selayang,', 'Selangor', '3.254261,101.65562', '03-61365944/7944', '03-61387145', 'azrul-khairi.bomba@1govuc.gov.my', 1, 'SLY', 1),
(163, 6, 33, 163, '48000', 'Lot PT4248, Jalan Lingkaran,', 'Kawasan Perindustrian Rawang Integrasi, Rawang', 'Selangor', '3.31993,101.57582', '03-60924444/16429', '03-60916434', 'bbp-rawang.bomba@1govuc.gov.my', 1, 'RWG', 1),
(164, 6, 33, 164, '44000', 'Lot 718, Jalan Ampang Pecah,', 'Kuala Kubu Bharu,', 'Selangor', '3.330821,101.396753', '03-60641444 / 4597', '0360642661', 'bbp-kkb.bomba@1govuc.gov.my', 1, 'KKB', 1),
(165, 6, 33, 165, '48100', 'Batu Arang,', NULL, 'Selangor', '3.31865,101.47306', '03-60352444', '03-60353040', 'bbp-arang.bomba@1govuc.gov.my', 1, 'BTA', 1),
(166, 7, 80, 166, '55200', 'Jalan Hang Tuah', NULL, 'WP Kuala Lumpur', '3.138055,101.704814', '03-92217222', '03-92226979', 'bbp_pusat@bomba.gov.my', 1, 'PST', 1),
(167, 5, 35, 167, '70100', 'Balai Bomba Dan Penyelamat Seremban', 'Jln. Zaaba,  Seremban', 'Negeri Sembilan', '2.714870,101.951258', '06-7677089 / 7624444', '06-7674444', 'seremban@bombans.gov.my', 1, 'SBN', 1),
(168, 5, 35, 168, '70300', 'Balai Bomba Dan Penyelamat Seremban 2', 'Seremban', 'Negeri Sembilan', '02:41.1802,101:55.1075', '06-6013393', '06-6013464', 'seremban2@bombans.gov.my', 1, 'SB2', 1),
(169, 5, 35, 169, '71450', 'Balai Bomba Dan Penyelamat Senawang', 'Seremban', 'Negeri Sembilan', '2.703272,101.989490', '06-6779202', '06-6784444', 'senawang@bombans.gov.my', 1, 'SWG', 1),
(170, 5, 35, 170, '71700', 'Balai Bomba Dan Penyelamat Mantin', 'Bt. 11, Jln. Besar SBN - KL, Mantin', 'Negeri Sembilan', '2.827464,101.882428', '06-7583198', '06-7586582', 'mantin@bombans.gov.my', 1, 'MTN', 1),
(171, 5, 35, 171, '71800', 'Balai Bomba Dan Penyelamat Nilai', ' Bandar  Baru Nilai', 'Negeri Sembilan', '02:49.5886,101:46.5046', '06-7940051', '06-7940053', 'nilai@bombans.gov.my', 1, 'NLI', 1),
(172, 5, 36, 172, '71000', 'Balai Bomba Dan Penyelamat Port Dickson', 'Lot 1670, Port Dickson', 'Negeri Sembilan', '02:31.4239,101:47.7124', '06-6471444', '06-6463457', 'portdickson@bombans.com.my', 1, 'PDN', 1),
(173, 5, 36, 173, '71050', 'Balai Bomba Dan Penyelamat Teluk kemang', 'Bt. 8, Jln. Pantai, Port Dickson', 'Negeri Sembilan', '2.451594,101.857893', '06-6621171', '06-6627701', 'telukkemang@bombans.gov.my', 1, 'TKG', 1),
(174, 5, 36, 174, '71300', 'Balai Bomba Dan Penyelamat Rembau', 'Rembau,', 'Negeri Sembilan', '02:36.2446,102:04.1323', '06-6851233', '06-6858609', 'bbp-rembau@bomba.gov.my', 1, 'RBU', 1),
(175, 5, 36, 175, '73000', 'Balai Bomba Dan Penyelamat Tampin', 'Tampin', 'Negeri Sembilan', '02:29.3369,102:13.8581', '06-4411333', '06-4418799', 'tampin@bombans.gov.my', 1, 'TPN', 1),
(176, 5, 36, 176, '73400', 'Tmn Desa Permai', 'Gemas', 'Negeri Sembilan', '02.347223,101.360244', '07-9481333', '07-9485284', 'gemas@bombans.gov.my', 1, 'GMS', 1),
(177, 5, 37, 177, '72120', 'Balai Bomba Dan Penyelamat Jempol', 'Bandar Seri Jempol', 'Negeri Sembilan', '02:53.9185,102:24.4683', '06-4581484', '06-4582424', 'serijempol@bombans.gov.my', 1, 'BSJ', 1),
(178, 5, 37, 178, '72100', 'BALAI BOMBA DAN PENYELAMAT BAHAU,', ' BAHAU,', 'Negeri Sembilan', '02.486397,102.242088', '06 4541333', '06 4542061', 'bbp-bahau.bomba@1govuc.gov.my', 1, 'BHU', 1),
(179, 5, 37, 179, '72000', 'BALAI BOMBA DAN PENYELAMAT KUALA PILAH', 'Bt. 1, Jln. Bahau, Kuala Pilah', 'Negeri Sembilan', '02:44.7428,102:14.8510', '06-4811333', '06-4811055', 'kualapilah@bombans.gov.my', 1, 'KPH', 1),
(180, 5, 37, 180, '71600', 'Balai Bomba Dan Penyelamat Jelebu', ' Kuala Kelawang', 'Negeri Sembilan', '02:56.3973,102:04.1763', '06-6136333', '06-6138692', 'jelebu@bombans.gov.my', 1, 'JBU', 1),
(181, 4, 38, 181, '75200', 'JALAN KUBU', NULL, 'Melaka', 'N 02 11.934 / E 102 14 .714', '06-2838481 / 8482', '06-2849677/06-2838490', 'bbp-jkb.bomba@1govuc.gov.my', 1, 'JKB', 1),
(182, 4, 38, 182, '75450', 'JALAN AYER KEROH LAMA,HANG TUAH JAYA', 'BUKIT BERUANG', 'Melaka', 'N 02 16 105\' / E102 17 202\'', '06-2319134 / 2319135', '06-2322406', 'bombamel@bomba.gov.my', 1, 'AKR', 1),
(183, 4, 38, 183, '75450', 'JALAN TUN HAMZAH,HANG TUAH JAYA', 'BUKIT KATIL ,MELAKA', 'Melaka', 'N 02 14 .453\'/ E 102 18 .268\'', '06-2311315', '06-2311343', 'bukitkatil@bombamelaka.gov.my', 1, 'BKL', 1),
(184, 4, 38, 184, '77000', 'JASIN', '\'', NULL, 'N 02 18.481 / E102 25.775', '06-5291444', '06-5293463', NULL, 1, 'JSN', 1),
(185, 4, 38, 185, '77300', 'JALAN BATU GAJAH', 'MERLIMAU', NULL, 'N 02 08.761 / E102 25.604', '06-2631444', '06-2633942', NULL, 1, 'MLU', 1),
(186, 4, 39, 186, '78000', 'JALAN KELEMAK', 'ALOR GAJAH', 'Melaka', 'N 02 22.269/ E 102 12 .295', '06-5562444', '06-5566500', '1govuc\\bbp-alg.bomba', 1, 'ALG', 1),
(187, 4, 39, 187, '78300', 'BT 17, JALAN SOLOK DUKU', 'MASJID TANAH', 'Melaka', 'N 02 20 .617 / E 102 06 .787', '06-3842444', '06-3851807', 'masjidtanah26@yahoo.com.my', 1, 'MST', 1),
(188, 3, 40, 188, '80648', 'Jalan Tun Abdul Razak', 'Johor Bahru', 'Johor', ' 1° 17\' 26.4552" N 103° 27\' 1.0866" E', '07-2243444', '07-2244344', 'bbp-jhrbahru.bomba@1govuc.gov.my', 1, 'JBH', 1),
(189, 3, 40, 189, '81100', 'Jalan Ros Merah 4/1,', 'Johor Jaya,', 'Johor', '1°31\'53.1"N 103°47\'42.5"E', '07-3511444', '07-3515344', 'bbp-jhrjaya.bomba@1govuc.gov.my', 1, 'JJA', 1),
(190, 3, 40, 190, '81700', 'Jalan Mesjid', ' Pasir Gudang', 'Johor', '1° 27\' 50.2596"N,103° 53\' 46.4244"E', '07-2513444 / 2513944', '07-2532985', 'bbp-psrgudang.bomba@1govuc.gov.my', 1, 'PSG', 1),
(191, 3, 40, 191, '81000', 'Jalan Pejabat Kerajaan', 'Kulaijaya', 'Johor', '1° 39\' 30.0702"N , 103° 36\' 21.027"E', '07-6634444', '07-6621121', '1gov/bbp-kulai.bomba', 1, 'KLI', 1),
(192, 3, 40, 192, '82000', 'Jalan Alsagoff', 'Pontian', 'Johor', '1°29\'32"N,103°23\'13"E', '076864444,076874444', '07-6879877', 'bbp-pontian.bomba@1govuc.gov.my', 1, 'PTN', 1),
(193, 3, 40, 193, '81648', 'Jalan Pontian', 'Pekan Nanas', 'Johor', '1° 30\' 24.9768".103° 30\' 50.472"', '07-6994444', '07-6993345', 'bbp-pekannenas.bomba@1/govuc.gov.my', 1, 'PNS', 1),
(194, 3, 40, 194, '82000', 'Jalan Sekolah Arab', 'Pontian', 'Johor', '1°17\'24.9282"N,103°14\'51.6978"E', '076864044, 076866044', '076869044', 'bbp_pontianbaru.bomba@1govuc.gov.my', 1, 'PTB', 1),
(195, 3, 40, 195, '81300', 'Jalan Kebudayaan 22,', 'Taman Universiti, Skudai,', 'Johor', '1° 36\' 45" , 103° 37\' 0.0012"', '07-5204144', '07-5205944', 'bbp-pulai.bomba@1govuc.gov.my', 1, 'PUL', 1),
(196, 3, 41, 196, '84000', 'Jalan Salleh', ' Muar', 'Johor', ' 20°53\'043"N,102°57\'010"E', '06-9555994', '06-9522994', 'bbp_muar.bomba@1govuc.gov.my', 1, 'MUR', 1),
(197, 3, 41, 197, '85020', 'Jalan Putra 1/17', 'Bandar Putra Segamat', 'Johor', '02°29.942\' N  , 102°52.210\' E', '07-9435844', '07-9435244', 'bbp-segamat.bomba@1govuc.gov.my', 1, 'BPT', 1),
(198, 3, 41, 198, '85648', 'Jalan Abdullah', ' Segamat', 'Johor', '02°32.2882 \'   102°48.8225 \'', '07-9314444', '079313203', 'bbp-jlnabd.bomba@1govuc.gov.my', 1, 'SGT', 1),
(199, 3, 41, 199, '84900', 'Jalan Ah Jin,', 'Tangkak', 'Johor', '2°16\'15.4266"N 102°32\'35.9658"E', '06-9783444', '06-9788464', 'bbp-tangkak.bomba@1govuc.gov.my', 1, 'TGK', 1),
(200, 3, 41, 200, '85300', 'Jalan Muar', ' Labis', 'Johor', '2.380323,103.017704', '07-9254444', '07-9255433', 'labis@bombajohor.gov.my', 1, 'LBS', 1),
(201, 3, 41, 201, '84700', 'Jalan Gersik', 'Bukit Gambir, Ledang.', 'Johor', ' 02°12\'9961" N     102°39\'5864" E', '06-9762444', ' 06-9763144', ' bbp-bktgambir.bomba@1govuc.gov.my', 1, 'BGR', 1),
(202, 3, 42, 202, '86000', 'Jalan Haji Manan', ' Kluang', 'Johor', '2° 2\' 3.8832"N 103° 19\' 10.6284"E', '07-7724444/7724450', '07-7717244', 'bbp-kluang.bomba@1govuc.gov.my', 1, 'KLG', 1),
(203, 3, 42, 203, '83000', 'Jalan Timah Sari', 'Batu Pahat', 'Johor', '1°51\'30.0924"N,102°56\'27.1896"E', '07-4342444', '07-4331158', 'bbp-timahsari.bomba@1govuc.gov.my', 1, 'JTS', 1),
(204, 3, 42, 204, '83000', 'Jalan Mohd Khalid', 'Batu Pahat', 'Johor', '1° 50\' 59.517"N,102° 55\' 47.1756"E', '07-4338444', '07-4348675', 'bbp-jlnkhalid.bomba@1govuc.gov.my', 1, 'JMK', 1),
(205, 3, 42, 205, '83700', 'Jalan Templer', 'Yong Peng', 'Johor', '2° 0\' 44.3376"N 103° 3\' 40.7874" E', '07-4674444', '07-4676844', 'bbpyong peng@bomba.gov.my', 1, 'YPG', 1),
(206, 3, 42, 206, '83100', 'Jalan Besar', 'Rengit', 'Johor', '1°40\'49.1658" N 103°9\'30.096" E', '07-4243444', '07-4244925', 'bbp-rengit.bomba@1govuc.gov.my', 1, 'RGT', 1),
(207, 3, 42, 207, '86300', 'Jalan Bukit', '86300 Renggam', 'Johor', '1° 53\' 2.198",103° 23\' 47.507"', '07-7535444', '07-7536636', 'bbp-renggam.bomba@1govuc.gov.my', 1, 'RGM', 1),
(208, 3, 42, 208, '86100', 'Jalan Kluang-Batu Pahat,', 'Ayer Hitam', 'Johor', '1° 53\' 59.3298"N, 103° 9\' 41.7456"E', '077582206', '077581518', 'bbp-airhitam.bomba@1govuc.gov.my', 1, 'AHM', 1),
(209, 3, 43, 209, '81900', 'Jalan Tun Habab', 'Kota Tinggi', 'Johor', '1° 44\' 12.0048"N,  103° 53\' 59.8482"E', '07-8831444', '07-8821644', 'bbp_kotatinggi@bomba.gov.my', 1, 'KTG', 1),
(210, 3, 43, 210, '81930', 'Jalan Dato\' Wan Idris', 'Bandar Penawar', 'Johor', '1°33\'32.7744" / 104°13\'42.819"', '07-8224444', '07-8224055', 'bbp-penawar.bomba@1govuc.gov.my', 1, 'PNR', 1),
(211, 3, 43, 211, '86800', 'Jalan Temenggong', ' Mersing', 'Johor', '2° 25\' 41.2314" N , 103° 50\' 21.606"E', '07-7994444', '07-7994944', 'bbp-mersing.bomba@1govuc.gov.my', 1, 'MSG', 1),
(212, 3, 43, 212, '86900', 'Jalan Masjid', 'Endau', 'Johor', '2° 39\' 3.1968"N,103° 37\' 21.1938"E', '07-7945444', '07-7942946', 'bbp-endau.bomba@1govuc.gov.my', 1, 'EDU', 1),
(213, 14, 44, 213, '25200', 'Balai Bomba dan Penyelamat Kuantan', 'Jalan Bukit Ubi', 'Pahang', 'N 03 98 728 / E 103 19 243', '09-5130994', '09-5159444', 'bbp-kuantan.bomba@1govuc.gov.my', 1, 'KTN', 1),
(214, 14, 44, 214, '26190', 'Balai Bomba dan Penyelamat Gebeng', 'Jalan Kuantan By-Pass, Kuantan', 'Pahang', 'N 03 56 961 / E 103 21 393', '09-5837977', '09-5837973', 'bbp-gebeng.bomba@1govuc.gov.my', 1, 'GBG', 1),
(215, 14, 44, 215, '25200', 'Balai Bomba dan Penyelamat Indera Mahkota', NULL, 'Pahang', 'N 03 49 359 / E 103 11 133', '09-5739994', '09-5734993', 'bbp-imahkota.bomba@1govuc.gov.my', 1, 'BIM', 1),
(216, 14, 44, 216, '25150', 'Balai Bomba dan Penyelamat Taman Tas', NULL, 'Pahang', 'N 03 46 957 / E 103 14 145', '09-5393704', '09-5393895', 'bbp-tmntas.bomba@1govuc.gov.my', 1, 'TMT', 1),
(217, 14, 44, 217, '26800', 'Balai Bomba dan Penyelamat Kuala Rompin', NULL, 'Pahang', 'N 02 47 844 / E 103 29 320', '09-4146444', '09-4141466', 'bbp-rompin.bomba@1govuc.gov.my', 1, 'RPN', 1),
(218, 14, 44, 218, '26600', 'Balai Bomba dan Penyelamat Peramu', NULL, 'Pahang', 'N 03 32 624 / E 103 23 146', '09-4268804', '09-4264195', 'bbp-peramu.bomba@1govuc.gov.my', 1, 'PRM', 1),
(219, 14, 44, 219, '26600', 'Balai Bomba dan Penyelamat Pekan', 'Jalan Rompin Lama', 'Pahang', 'N 03 28 883 / E 103 23 469', '09-4224444', '09-4227109', 'bbp-pekan.bomba@1govuc.gov.my', 1, 'PKN', 1),
(220, 14, 44, 220, '26700', 'Balai Bomba dan Penyelamat Muadzam Shah', NULL, 'Pahang', 'N 0303 005 / E 103 05 608', '09-4522444', '09-4523685', 'bbp-mshah.bomba@1govuc.gov.my', 1, 'MDZ', 1),
(221, 14, 45, 221, '28000', 'Balai Bomba dan Penyelamat Temerloh', NULL, 'Pahang', 'N 03 27 033 / E 102 25 112', '09-2716999', '09-2716944', 'bbp-temerloh.bomba@1govuc.gov.my', 1, 'TML', 1),
(222, 14, 45, 222, '28700', 'Balai Bomba dan Penyelamat Bentong', NULL, 'Pahang', 'N 03 31 252 / E 101 54 761', '09-2224444', '09-2227515', 'bbp-bentong.bomba@1govuc.gov.my', 1, 'BTG', 1),
(223, 14, 45, 223, '69000', 'Balai Bomba dan Penyelamat Genting Highlands', NULL, 'Pahang', 'N 03 25 303 / E 101 47 507', '09-61013739', '03-61013644', 'bbp-genting.bomba@1govuc.gov.my', 1, 'GTH', 1),
(224, 14, 45, 224, '26400', 'Balai Bomba dan Penyelamat Jengka', NULL, 'Pahang', 'N 03 45 877 / E 102 32 759', '09-4662277', '09-4664641', 'bbp-jengka.bomba@1govuc.gov.my', 1, 'JGK', 1),
(225, 14, 45, 225, '26500', 'Balai Bomba dan Penyelamat Maran', NULL, 'Pahang', 'N 03 35 058 / E 102 46 809', '09-4771444', '09-4771389', 'bbp-maran.bomba@1govuc.gov.my', 1, 'MRN', 1),
(226, 14, 45, 226, '28600', 'Balai Bomba dan Penyelamat Karak', NULL, 'Pahang', 'N 03 24 957 / E 102 01 345', '09-2311444', '09-2314541', 'bbp-karak.bomba@1govuc.gov.my', 1, 'KRK', 1),
(227, 14, 45, 227, '28400', 'Balai Bomba dan Penyelamat Mentakab', NULL, 'Pahang', 'N 03 45 877 / E 102 32 759', '09-2771444', '09-2774330', 'bbp-mentakab.bomba@1govuc.gov.my', 1, 'MKB', 1),
(228, 14, 45, 228, '28300', 'Balai Bomba dan Penyelamat Triang', NULL, 'Pahang', 'N 03 14 955  / N 102 25 116', '09-2554444', '09-2557824', 'bbp-triang.bomba@1govuc.gov.my', 1, 'TRI', 1),
(229, 14, 45, 229, '27000', 'Balai Bomba dan Penyelamat Jerantut', 'Jalan Bomba,', 'Pahang', 'N 03\' 56. 410 / E 102\' 21. 716', '09-2662444/3444', '09-2666819', 'bbp-jerantut.bomba@1govuc.gov.my', 1, 'JRT', 1),
(230, 14, 46, 230, '27600', 'Balai Bomba dan Penyelamat Raub', NULL, 'Pahang', 'N 03 48 420 / E 101 50 814', '09-3554444', '09-3559308', 'bbp-raub.bomba@1govuc.gov.my', 1, 'RUB', 1),
(231, 14, 46, 231, '27200', 'Balai Bomba dan Penyelamat Kuala Lipis', NULL, 'Pahang', 'N 04 10 741 / E 102 02 790', '09-3124444', '09-3121542', 'bbp-klipis.bomba@1govuc.gov.my', 1, 'KLS', 1),
(232, 14, 46, 232, '39100', 'Balai Bomba dan Penyelamat Cameron Highlands', '39100 Brinchang, Cameron Highlands', 'Pahang', 'N 04 29 517 / E 101 23 347', '05-4911003', '05-4914044', 'bbp-cameron.bomba@1govuc.gov.my', 1, 'CMH', 1),
(233, 12, 47, 233, '15200', 'Jalan Long Yunus', 'Kota Bharu', 'Kelantan', 'N 06.073562, E 102.152439', '097484444', '097462239', 'bbp-kotabharu.bomba@1govuc.gov.my', 1, 'KBH', 1),
(234, 12, 47, 234, '15050', 'Jalan Kota Darul Naim', ' Kota Bharu', 'Kelantan', 'N 06.109293, E 102.238880', '09-7475444', '097475905', 'bbp_kdn@bombakel.gov.my', 1, 'KDN', 1),
(235, 12, 47, 235, '16100', 'Jalan Padang Tembak', 'Pengkalan Chepa', 'Kelantan', 'N 06.081652, E 102.180998', '09-7744444', '09-7748298', 'bbp-pchepa.bomba@1govuc.gov.my', 1, 'PCP', 1),
(236, 12, 47, 236, '16450', 'Jln Kuala Krai', ' Ketereh', 'Kelantan', 'N 05.966146,  E 102.250124', '09-7884444', '09-7884406', 'kb_ketereh@bombakel.gov.my', 1, 'KET', 1),
(237, 12, 47, 237, '17000', 'Jalan Pohon Celagi', 'Pasir Mas', 'Kelantan', 'N 06.037309, E 102.141588', '09-7909444', '09-7904944', 'bbp-pasirmas.bomba@1govuc.gov.my', 1, 'PMS', 1),
(238, 12, 47, 238, '17200', 'Balai Bomba dan Penyelamat Rantau Panjang,', 'Jalan Lebuh Raya, Rantau Panjang,', 'Kelantan', 'N 06°00.193’ E101°59.447’', '09 - 795 0444', '09 - 795 2770', 'bbp_rantaupanjang@bomba.gov.my', 1, 'RPG', 1),
(239, 12, 47, 239, '16200', 'Jalan Tumpat - Kota Bharu', 'Kampong Sedar', 'Kelantan', 'N 06.180419, E 102.173888', '09-7257444', '09-7253699', 'bbp_tumpat@yahoo.com', 1, 'TPT', 1),
(240, 12, 47, 240, '16080', 'BALAI BOMBA DAN PENYELAMAT PENGKALAN KUBOR', 'TUMPAT', 'Kelantan', 'N 06.13.4604,  E 102:05.9886', '09-7214444', '09-7215687', 'kb_pengkalankubor@bomba.gov.my', 1, 'PKB', 1),
(241, 12, 48, 241, '17500', 'Balai Bomba Dan Penyelamat Tanah Merah,', 'Jalan Pasir Mas,', 'Kelantan', 'N 05.812897, E 102.148460', '09-9556444', '09-9553644', 'bbp-tanahmerah@1gov.uc.bomba.gov.my', 1, 'TMH', 1),
(242, 12, 48, 242, '17600', 'BALAI BOMBA DAN PENYELAMAT JELI', NULL, 'Kelantan', 'N 05.696043, E 101.842698', '09-9440444', '09-9441452', 'bp_jeli@bombakel.gov.my', 1, 'JLI', 1),
(243, 12, 48, 243, '18500', 'Jalan Kuala Krai', NULL, 'Kelantan', 'N 05.761937, E 102.214780', '09-9752444', '09-9751821', 'bbp-machang.bomba@1govuc.gov.my', 1, 'MCG', 1),
(244, 12, 47, 244, '16300', 'Jalan Kg.Telok', 'Bachok', 'Kelantan', 'N 6,076377, E 102.376785', '09-7788444', '09-7783280', 'bbp_bachok@bombakel.gov.my', 1, 'BCK', 1),
(245, 12, 48, 245, '16800', 'Jalan Kota Bharu - Pasir Puteh', '16800  Pasir Puteh', 'Kelantan', 'N 05.500944, E 102.236637', '09-7867444', '09-7865044', 'bbp-pasirputeh.bomba@1govuc.gov.my', 1, 'PPH', 1),
(246, 12, 48, 246, '18000', 'Jalan Ah Seng', '18000 Kuala Krai', 'Kelantan', 'N 05.530003, E 102.200532', '09-9666444', '09-966044', 'kb_kk@bombakel.gov.my', 1, 'KRI', 1),
(247, 12, 48, 247, '18300', 'Jalan Persiaran Raja', '83000 Gua Musang', 'Kelantan', 'N 41.58,9018,  E100:37,1305', '09-9121444', '09-9123445', 'bbp-guamusang.bomba@1govuc.gov.my', 1, 'GMG', 1),
(248, 13, 49, 248, '20648', 'Jalan Kemajuan, Bukit Kecil', 'Kuala Terengganu', 'Terengganu', '5.313017,103.133897', '09-6234444', '09-6315351/6241', 'bbp-kt.bomba@1govuc.gov.my', 1, 'KTR', 1),
(249, 13, 49, 249, '20000', 'Jalan Kota', '20000 Kuala Terengganu', 'Terengganu', 'N 5 20.106 E 103 08.178', '09-6243105', '09-6312732/6349', 'bbp-jlnkota.bomba@1govuc.gov.my', 1, 'JLK', 1),
(250, 13, 49, 250, '21600', 'Balai Bomba dan Penyelamat Marang', '21600 Marang', 'Terengganu', '5.198018,103.194352', '09-6183444', '09-6185276', 'bbp-marang.bomba@1govuc.gov.my', 1, 'MRG', 1),
(251, 13, 49, 251, '21040', 'Wakaf Tapai, Marang', NULL, 'Terengganu', 'Lat 05:14.7253 N , Long 103:08.421 E', '09-6803544', '09-6803159/3644', 'bbp-wtapai.bomba@1govuc.gov.my', 1, 'WTI', 1),
(252, 13, 49, 252, '21700', '21700', 'Kuala Berang', 'Terengganu', '5.068877,103.024488', '09-6811444', '09-6813685', 'bbp-kberang.bomba@1govuc.gov.my', 1, 'KBG', 1),
(253, 13, 49, 253, '22100', 'Bandar Permaisuri', '22100 Setiu', 'Terengganu', '5.31425 N,102.737793', '09-6097444', '09-6097194/09-6097971', 'bbp-setiu.bomba@1govuc.gov.my', 1, 'STU', 1),
(254, 13, 49, 254, '22000', 'Jalan Kubang Siam Seberang', 'Jerteh', 'Terengganu', 'N 05.44.16 E 102.28.57', '09-6904444', '09-6903693 / 09-6903993', 'bbp-jerteh.bomba@1govuc.gov.my', 1, 'JTH', 1),
(255, 13, 49, 255, '22200', 'Kampung Raja', '22200 Besut', 'Terengganu', 'N 5 47.656, E 102 34.157', '09-6956444', '09-6957024', 'bbp-besut.bomba@1govuc.gov.my', 1, 'BST', 1),
(256, 13, 50, 256, '23000', '23000 Jalan Sungai Penaga', 'Dungun', 'Terengganu', 'N 4 46.596 E 103 24.977', '09-8484444', '09-8453420', 'bbp-dungun.bomba@1govuc.gov.my', 1, 'DGN', 1),
(257, 13, 50, 257, '23100', 'Jalan Santong', '23100 Paka, Dungun', 'Terengganu', '4.620748,103.416485', '09-8274444', '09-8277984/09-8272843', 'bbp-paka.bomba@1govuc.gov.my', 1, 'PKA', 1),
(258, 13, 50, 258, '24000', 'Jalan Abdul Rahman', '24000 Chukai, Kemaman', 'Terengganu', '4.230362,103.425839', '09-8594444', '09-8582157/09-8593502', 'bbp-kmn.bomba@1govuc.gov.my', 1, 'KMN', 1),
(259, 13, 50, 259, '24000', 'Jalan Kubang Kurus', '24000 Kemaman', 'Terengganu', 'N 4 13.204 E 103 25.199', '09-8598744', '09-8581559/09-8594902', 'bbp_chukai@bomba.gov.my', 1, 'CKI', 1),
(260, 13, 50, 260, '24300', '24300 Kerteh', 'Kemaman', 'Terengganu', '5.335024,103.136356', '09-8261444', '09-8263799', 'bbp-kerteh.bomba@1govuc.gov.my', 1, 'KTH', 1),
(261, 13, 50, 261, '23400', 'Bandar Al Muktafi Billah Shah,', 'Ketengah, Dungun,', 'Terengganu', 'N 4 37.092,E 103 12.586', '09-8221848', '09-8221966/1566', 'bbp-ambs.bomba@1govuc.gov.my', 1, 'AMB', 1),
(262, 13, 50, 262, '24000', 'Peringkat 2, Bandar Cheneh Baru, 24000', 'Cheneh, Kemaman', 'Terengganu', 'N 4 07.697, E 103 14.448', '09-8730444', '09-8733477', 'bbp-cheneh.bomba@1govuc.gov.my', 1, 'CNH', 1),
(263, 15, 51, 263, '93050', 'Balai Bomba Dan Penyelamat Petra Jaya,Jalan Sultan Tengah,', '93050 Kuching', 'Sarawak', ' 1.598896,110.337634', '082-313557', '082-312019', 'kbppj@bombaswk.gov.my', 1, 'PJA', 1),
(264, 15, 51, 264, '93100', 'Balai Bomba dan Penyelamat Kuching,Jalan Padungan,', '93100', 'Sarawak', '1.553119,110.358817', '082-241033', '082-238225', 'bbp-kuching.bomba@1govuc.gov.my', 1, 'KCG', 1),
(265, 15, 51, 265, '93200', 'Balai Bomba Dan Penyelamat Batu Lintang,', 'Jalan Batu Lintang,94200 Kuching', 'Sarawak', '1.534214,110.345718', '082-241241', '082-248370', 'bbp-blintang.bomba@1govuc.gov.my', 1, 'BLG', 1),
(266, 15, 51, 266, '94500', 'Balai Bomba dan Penyelamat Lundu,Jalan Satu,', '94500 Lundu', 'Sarawak', '01:41,0361 N, 109:51,1742 E', '082-734021', '082-734087', 'kbplundu@bombaswk.gov.my', 1, 'LDU', 1),
(267, 15, 51, 267, '94000', 'Balai bomba Dan Penyelamat Bau,KM4,', 'Jalan Bau-Krokong, Bau', 'Sarawak', '1.405558,110.133807', '082-763444', '082-762497', 'bbp-bau.bomba@1govuc.gov.my', 1, 'BAU', 1),
(268, 15, 51, 268, '93350', 'Balai Bomba dan Penyelamat Tabuan Jaya,Jalan Setia Raja,', '93350 Kuching', 'Sarawak', '1.532851,110.390755', '082-367350,', '082-367481', 'bbp-tabuanjaya.bomba@1govuc.gov.my', 1, 'TJA', 1),
(269, 15, 52, 269, '94300', 'Balai Bomba dan penyelamat Kota Samarahan,Jalan Mohd Musa,', '94300 Samarahan', 'Sarawak', '1.460032,110.492031', '082-673881', '082-673882', 'kbpkt@bombaswk.gov.my', 1, 'KSN', 1),
(270, 15, 52, 270, '94200', 'Balai Bomba dan Penyelamat Siburan,Km 31,Jalan Kuching-Serian,', '94200 Kuching', 'Sarawak', '118,57" N,11024\'34"E', '082-864546', '082-862095', 'bbp_siburan@bomba.gov.my', 1, 'SBN', 1),
(271, 15, 52, 271, '94800', 'Balai Bomba dan Penyelamat Simunjan,Jalan Nanas,', '94800 Simunjan', 'Sarawak', '01:23:6347\'N ,01:45:0800 E', '082-803680', '082-803821', 'kbpsimunjan@bombaswk.gov.my', 1, 'SJN', 1),
(272, 15, 52, 272, '94700', 'Balai Bomba Dan Penyelamat Serian,Jalan Tangga By Pass,', 'Serian', 'Sarawak', ' 1.160383,110.563238', '082-874190', '082-873367 / 873012', 'bbp-serian.bomba@1govuc.gov.my', 1, 'SRN', 1),
(273, 15, 53, 273, '95000', 'Balai Bomba dan penyelamat sri Aman,KM7,', 'Jalan Sri Aman-Serian,95000 Sri Aman', 'Sarawak', '1.233722,111.465577', '083-322228', '083-325497', '1govuc/bbp-sriaman.bomba', 1, 'SRI', 1),
(274, 15, 53, 274, '95700', 'Balai Bomba dan Penyelamat Betong,Jalan Bunga Bangit,', '95700 Betong,Kuching', 'Sarawak', '1.408624,111.532717', '083-471591', '083-471548', 'bbdpbtg@gmail.com', 1, 'BET', 1),
(275, 15, 53, 275, '95400', 'Balai Bomba dan Penyelamat Saratok,Jalan Spur,', '95400 Saratok', 'Sarawak', '1.742785,111.338184', '083-436353', '083-437411', 'kbsaratok@bombaswk.gov.my', 1, 'SRK', 1),
(276, 15, 54, 276, '96100', 'Balai Bomba dan Penyelamat Sarikei,', 'Jalan Bangunan Kerajaan,96100 Sarikei', 'Sarawak', '2.120200,111.520660', '084-654444', '084-656452', 'bbp-sarikei@1govuc.gov.my', 1, 'SKI', 1),
(277, 15, 54, 277, '96507', 'Balai Bomba dan Penyelamat Bintangor,KM 1, Jalan Kelupu,', 'Peti surat 110, 96507 Bintagor', 'Sarawak', '2.164921,111.638336', '084-693444', '084-694344', 'bbp-bintangor.bomba@1govuc.gov.my', 1, 'BIN', 1),
(278, 15, 54, 278, '96700', 'Balai Bomba dan Penyelamat Kanowit,Jalan Lukut Penyulau,', 'Kanowit', 'Sarawak', '2.102494,112.153427', '084-752444', '084-752419', 'bbp-kanowit.bomba@1govuc.gov.my', 1, 'KWT', 1),
(279, 15, 54, 279, '96800', 'Balai Bomba dan Penyelamat Kapit,Jalan Beleteh,', '96800 Kapit', 'Sarawak', 'N02\'038.62",E112\'55\'24.38"', '084-796444', '084-798569', 'pbpkapit@bombaswk.gov.my', 1, 'KPT', 1),
(280, 15, 54, 280, '96400', 'Balai Bomba Dan Penyelamat Mukah,Jalan Royan,', '96400 Mukah', 'Sarawak', ' 2.899627,112.093611', '084-871444', '084-872544', 'kbpmukah@bombaswk.gov.my', 1, 'MKH', 1);
INSERT INTO `bahagian_unit` (`id_bahagian_unit`, `id_negeri`, `id_bahagian`, `id_unit`, `poskod`, `alamat1`, `alamat2`, `alamat3`, `koordinat`, `no_tel`, `no_fax`, `emel_unit`, `id_jenis_unit`, `kod_unit`, `id_status_bahagian_unit`) VALUES
(281, 15, 54, 281, '96000', 'Balai Bomba dan Penyelamat Sibu,Jalan Central,', '96000 Sibu', 'Sarawak', '217\'23.19"N,11149\'45.72"E', '084-330343', '084-339343', 'bbp-sibu.bomba@1govuc.gov.my', 1, 'SBU', 1),
(282, 15, 54, 282, '96000', 'Balai Bomba Dan Penyelamat Sungai Merah,Jalan Teng Chin Hua,', '96000 Sibu', 'Sarawak', '34:25.0365 N, 114:8140 E', '084-346332', '084-347332', '1govuc/bbp-sgmerah.bomba', 1, 'SGM', 1),
(283, 15, 55, 283, '97008', 'Balai Bomba dan Penyelamat Bintulu,Jalan Tun Ahmad Zaidi,', 'Peti Surat 905, 97008 Bintulu', 'Sarawak', '3.181062,113.040649', '086-332222/311467', '086-335471', 'bbp-bintulu.bomba@1govuc.gov.my', 1, 'BTU', 1),
(284, 15, 56, 284, '98000', 'Balai Bomba Dan Penyelamat Miri,', 'Jalan Miri-Pujut,98000 Miri', 'Sarawak', '    04:23.6322 N, 113:59.582 E', '085-420991', '085-417059', 'bbp-miri.bomba@1govuc.gov.my', 1, 'MRI', 1),
(285, 15, 56, 285, '98000', 'Balai Bomba dan Penyelamat Lopeng,Jalan Miri By Pass,', '98000 Miri', 'Sarawak', '4.379247,114.012820', '085420972', '085-425973 / 085 - 424144( O )', 'bbp-lopeng.bomba@1govuc.gov.my', 1, 'LPG', 1),
(286, 15, 56, 286, '98050', 'Balai Bomba Dan Penyelamat Marudi,', '98050 Marudi , Sarawak', 'Sarawak', '28:21.7988N, 150:28.8763E', '085-755189', '085-755177', 'bbp-marudi.bomba@1govuc.gov.my', 1, 'MRD', 1),
(287, 15, 57, 287, '98700', 'Balai Bomba dan Penyelamat Limbang,', 'Jalan Muhibbah, Limbang', NULL, '4.760851,115.014893', '085-211859', '085-214773', '1govuc/bbp-limbang.bomba', 1, 'LBG', 1),
(288, 15, 57, 288, '98850', 'Balai Bomba dan Penyelamat Lawas,', 'Jalan Gaya, Lawas', '15', '04:48.1754N ,115:24.5341 E', '085-284962', '085-284189', 'bbp-lawas.bomba@1govuc.gov.my', 1, 'LWS', 1),
(289, 17, 58, 289, '88648', 'beg berkunci 2045', 'Kota Kinabalu', 'Sabah', '5.104813,116.035666', '088-210214', '088-223994', 'ketuabkk@bomba.gov.my', 1, 'KBU', 1),
(290, 17, 58, 290, '88990', 'jalan lintas, likas p.o. box 30', 'Kota Kinabalu', 'Sabah', '5.592505,116.070234', '088-422873', '088422713', '1govuc\\ketuablintas.bomba', 1, 'JLS', 1),
(291, 17, 58, 291, '89507', 'peti surat 550, penampang', 'Kota Kinabalu', 'Sabah', '5.547915,116.063639', '088-715446', '088-727934', 'ketuabppg@bomba.gov.my / Din_8297@yahoo.com', 1, 'PPG', 1),
(292, 17, 58, 292, '89207', 'peti surat 868', 'tuaran', 'Sabah', '6.107352,116.148483', '088-793791', '088-792411', 'ketuabtuaran@bomba.gov.my', 1, 'TRN', 1),
(293, 17, 59, 293, '89058', 'Balai Bomba Dan Penyelamat Daerah Kudat', 'Peti Surat 279, Kudat', 'Sabah', '6.533050,116.508483', '088-611301', '088-613414', 'ketuabkudat.bomba@1govuc.gov.my', 1, 'KDT', 1),
(294, 17, 59, 294, '89300', 'beg berkunci no.3', 'ranau', 'Sabah', '5.570102,116.395140', '088-878779', '088-875771', 'ketuabranau@bomba.gov.my', 1, 'RNU', 1),
(295, 17, 59, 295, '89158', 'peti surat, 168', 'kota belud', 'Sabah', '6.213728,116.256979', '088-976504', '088-977845', 'ketuabkb@bomba.gov.my', 1, 'KBD', 1),
(296, 17, 59, 296, '89108', 'Peti Surat 386', 'Kota Marudu', 'Sabah', '6.295474,116.461057', '088-662889', '088-662939', 'bbp-kmarudu.bomba@1govuc.gov.my', 1, 'KMU', 1),
(297, 17, 60, 297, '89850', 'Balai Bomba Sipitang,', 'P/s 480 ,89850 Sipitang', 'Sabah', '5.043055,115.330132', '087-821444 / 822444', '087-821721', 'bbp-sipitang.bomba@1govuc.gov.my', 1, 'SPG', 1),
(298, 17, 60, 298, '89809', 'Balai Bomba dan Penyelamat Beaufort', 'W.D.T 01', 'Sabah', '5.207867,115.446040', '087-212025', '087-214339', 'ketuabbft.bomba@1govuc.gov.my', 1, 'BFT', 1),
(299, 17, 60, 299, '89609', 'W.D.T Bil 5', 'Papar', 'Sabah', '5.441336,115.558266', '088-913521', '088-913609', 'ketuabpapar@bomba.gov.my', 1, 'PPR', 1),
(300, 17, 60, 300, '89747', '89747', 'kuala penyu', 'Sabah', '5.335436,155.350354', '087-884221', '087-884225', 'ketuabkp.bomba@1govuc.gov.my', 1, 'KPU', 1),
(301, 17, 61, 301, '91008', 'jalan kelapa, peti surat bil782', 'tawau', 'Sabah', '4.145204,117.530139', '089-774444', '089-777444', 'ketuabtawau@bomba.gov.my', 1, 'TWU', 1),
(302, 17, 61, 302, '91207', 'jalan bagiang', 'kunak', 'Sabah', '4.411477,118.147386', '089-853444', '089-853145', 'ketuabkunak@bomba.gov.my', 1, 'KNK', 1),
(303, 17, 61, 303, '91307', 'peti surat bil 76', 'semporna', 'Sabah', '4.287131,118.368393', '088-781699', '089-781548', 'ketuabspn@bomba.gov.my', 1, 'SEM', 1),
(304, 17, 61, 304, '91118', 'Balai Bomba Dan Penyelamat, Jalan Tengah Nipah, Peti Surat 60994,', 'Lahad Datu.', 'Sabah', '5.017317,118.200888', '088-881443/ 884444', '089-884244', 'ketuabld.bomba@1govuc.gov.my', 1, 'LDU', 1),
(305, 17, 62, 305, '90716', 'Batu Tiga, Jalan Utara, Peti surat 1465', 'Sandakan', 'Sabah', '5.518582,118.055632', '089-214444/214144', '089-213196', 'ketuabsdk@bomba.gov.my', 1, 'SDK', 1),
(306, 17, 63, 306, '89008', 'Peti Surat 196', 'keningau', 'Sabah', '5.201735,116.092076', '087-331396', '087-336402', 'ketuabkgu.bomba@1govuc.gov.my', 1, 'KGU', 1),
(307, 17, 63, 307, '89650', 'Peti surat 334', 'Tambunan', 'Sabah', '5.402385,116.218942', '087-774850', '087-774085', 'ketuabtbn.bomba@1govuc.gov.my', 1, 'TBN', 1),
(308, 17, 63, 308, '89907', 'Balai Bomba Dan Penyelamat Tenom', 'Peti Surat 103', 'Sabah', '5.072512,115.564576', '087-735646', '087-735670', 'ketuabtenom@bomba.gov.my', 1, 'TEN', 1),
(309, 16, 81, 426, '87023', 'Jalan Tun Mustapha', 'Peti Surat 81301 W.P Labuan', NULL, NULL, '087-592999 		', '087-415932 	', NULL, 3, NULL, 1),
(321, 13, 50, 316, '24000', 'D/A Balai Bomba dan Penyelamat Chukai', 'Jalan Kubang Kurus, Kemaman', '13', NULL, '09-8598744', '09-8583060', 'zon_kerteh@bomba.gov.my', NULL, NULL, 1),
(322, 11, 73, 317, '02100', ' Padang Besar,', NULL, 'Perlis', '6\'39\'34.32" . 100\'19\'25.20"', '04-9490094', '04-9492119', 'padang@bombaps.gov.my', 1, 'PDB', 1),
(323, 11, 73, 318, '02600', 'Jalan Pauh, Arau', NULL, 'Perlis', '6\'25\'38.14" . 100\'16\'44.27"', '04-9864444', '04-9863901', 'arau@bombaps.gov.my', 1, 'ARU', 1),
(324, 11, 73, 319, '02000', 'Kuala Perlis,', NULL, 'Perlis', '6\'23\'26.70" . 100\'08\'45.66"', '04-9855332', '04-9855341', 'bbp-kualapls.bomba@1govuc.gov.my', 1, 'KPL', 1),
(325, 3, 66, 426, '81100', 'Jalan Kangkar Tebrau,', 'Johor Bahru', '3', NULL, '07-340 9891', '07-3324344', 'ops-jhr@bomba.gov.my', 3, 'OPS', 1),
(326, 4, 67, 426, '75450', 'Peti Surat 372, Jalan Tun Hamzah,', 'Hang Tuah Jaya,', NULL, NULL, '06-2513100', '06-2311023', NULL, 3, 'OPS', 1),
(327, 5, 68, 426, '70300', 'Seremban 2,', 'Seremban,', '5', NULL, '06-6011900', '06-601 3858	', 'ops_ns@bomba.govmy', 3, 'OPS', 1),
(328, 6, 69, 426, '40150', 'No.3 Persiaran Tebar Layar, Bukit Jelutong', 'Seksyen U8,Shah Alam', '6', NULL, '03-78464444', '03-78469892', 'operasi_sel@bomba.gov.my', 3, 'OPS', 1),
(329, 8, 70, 426, '30020', 'Persiaran Meru Utama,', 'Bandar Meru Raya,Ipoh', '8', NULL, '05-5297444', '05-5265270', 'ops_prk@bomba.gov.my', 3, 'OPS', 1),
(330, 9, 71, 426, '14100', 'Jalan Batu Kawan', 'Simpang Ampat,', '9', NULL, '04-5047222', '04-5047205', 'operasi_png@bomba.gov.my', 3, NULL, 1),
(331, 10, 72, 426, ' 0520', 'Jalan Tun Razak,', 'Alor Setar', '10', NULL, '04-7344444', '04-732833', 'pro_kdh@bomba.gov.my', 3, NULL, 1),
(332, 11, 73, 426, '01000', 'Persiaran Tuanku Syed Putra', 'Kangar', '11', NULL, '04-9778827', '04-9766069', NULL, 3, NULL, 1),
(333, 12, 74, 426, '15100', 'Bandar Baru Tanjung,', 'Jalan Pasir Mas - Salor, Kota Bharu,', '12', NULL, '09-7444444', '09-7487308', NULL, 3, NULL, 1),
(334, 13, 75, 426, '20648', 'Jalan Kemajuan, Bukit Kecil,', ' Kuala Terengganu, Terengganu', '13', NULL, '09 -622 4444', '09 -622 9009', NULL, 3, NULL, 1),
(335, 14, 76, 426, '25200', 'Jalan Bomba, Bandar Indera Mahkota,', 'Bandar Indera Mahkota, Kuantan', '14', NULL, '09-5705999', '09 - 572 9317', 'operasi_phg@bomba.gov.my', 3, NULL, 1),
(336, 15, 77, 426, '93350', 'Jalan Setia Raja', 'Tabuan Jaya, Kuching Sarawak', NULL, NULL, '082 - 365 994', '082 - 369 646 	', NULL, 3, NULL, 1),
(337, 17, 78, 426, '88990', 'Jalan Lintas, Beg Berkunci 30,', 'Kota Kinabalu', NULL, NULL, '088-422873', '088-422742', NULL, 3, NULL, 1),
(338, 2, 79, 426, '62250', 'Balai Bomba Dan Penyelamat Putrajaya', 'Lebuh Wawasan Presint 7', NULL, 'N 02.55\'57.49" E 101.40\'25.05"', '03-88880970', '03-88880019', 'ops-wpp.bomba@1govuc.gov.my', 3, 'OPS', 1),
(339, 16, 81, 334, '87000', 'Jalan Tun Mustapha', 'Peti Surat 81301, 87023', 'WP Labuan', '  5° 17.198\'N 115° 14.934\'E', '087-592952', '087-428015', 'kbbtm_wplab@bomba.gov.my', 1, 'BBL', 1),
(340, 16, 81, 335, '87023', 'Jalan Kampung Jawa', 'Peti Surat 81301, 87023', 'WP Labuan', ' 5.286272,115.249299', '087-414444', '087-428022', 'kbbbj_wplab@bomba.gov.my', 1, 'BBJ', 1),
(341, 16, 81, 336, '87023', 'Jalan Mohd Salleh', 'Peti Surat 81301, 87023', 'WP Labuan', ' 5.333508,115.196961', '087-464444', '087-468922', 'Kbbbl_wplab@bomba.gov.my', 1, 'BLL', 1),
(342, 2, 79, 337, '62250', 'Balai Bomba Dan Penyelamat Putrajaya', 'Lebuh Wawasan, Presint 7, 62250 Putrajaya.', 'WP Putrajaya', 'N 02.55\'57.49" E 101.40\'25.05"', '03-88880970 / 0971', '03-88880019', 'oc-putra.bomba@1govuc.gov.my', 1, 'PJY', 1),
(343, 7, 80, 426, '50648', 'Jalan Maharajalela,', 'Kuala Lumpur', '7', NULL, '03 - 2148 4444', '03-21451625', 'pro-kl.bomba@1govuc.gov.my', 3, NULL, 1),
(546, 2, 79, 435, '62250', 'Balai Bomba Dan Penyelamat Putrajaya', 'Lebuh Wawasan Presint 7', '2', 'N 02.55\'57.49" E 101.40\'25.05"', '03-8892 7600', '03-88880019', 'mhbr.bomba@1govuc.gov.my', 3, NULL, 1),
(345, 7, 80, 342, '52000', 'Jalan Jinjang Utara', NULL, 'WP Kuala Lumpur', '3.209148,101.659938', '03-62574444', '03-62500344', 'bbp-jinjang.bomba@1govuc.gov.my', 1, 'JJG', 1),
(346, 7, 80, 343, '68100', 'Jalan 2/10,', 'Taman Koperasi Polis Fasa 1', 'WP Kuala Lumpur', '3.223012,101.695616', '03-61859639', '03-61851344', 'oc_gombakselatan@bombakl.gov.my', 1, 'GKS', 1),
(347, 7, 80, 344, '53100', 'Jalan Taman Melati 1', 'Setapak', 'WP Kuala Lumpur', '3.221302,101.725334', '603-41073444', '603-41089244', 'bbp-wm.bomba@1govuc.gov.my', 1, 'WGM', 1),
(348, 7, 80, 345, '53200', 'Jalan Air Jernih, Setapak,', NULL, 'WP Kuala Lumpur', '3.193809,101.717447', '03-40235544', '03-40228444', 'oc_setapak@bombakl.gov.my', 1, 'STK', 1),
(349, 7, 80, 346, '50480', 'Batu 2 1/2 ,Jalan Ipoh', NULL, 'WP Kuala Lumpur', '3.170210,101.691870', '0340441994', '034043 1344', ' bbp-sentul.bomba@1govuc.gov.my', 1, 'STL', 1),
(350, 7, 80, 347, '54200', 'Jalan Jelatek', NULL, 'WP Kuala Lumpur', '3.163550,101734633', '03-42514863', '03-42514858', 'bbp_jelatek@bomba.gov.my', 1, 'JLK', 1),
(351, 7, 80, 348, '50300', 'Jalan Haji Hussien', NULL, 'WP Kuala Lumpur', '3.166079,101.698954', '03-26913703', '03-26984444', 'oc_chowkit@bombakl.gov.my', 1, 'CKT', 1),
(352, 7, 80, 349, '50480', 'Jln 23/70A Desa Sri Hartamas', NULL, 'WP Kuala Lumpur', '3.162281,101.650785', '03-62032071', '03-62032498', 'oc_srihartamas@bombakl.gov.my', 1, 'SHM', 1),
(353, 7, 80, 350, '60000', 'Jln Tun Mohd Fuad', NULL, 'WP Kuala Lumpur', '3.139740,101.627710', '03-77284444', '03-77299444', 'oc_ttdi@bombakl.gov.my', 1, 'TDI', 1),
(354, 7, 80, 351, '59200', 'Jalan Pantai Baru', NULL, 'WP Kuala Lumpur', '3.116468,101.669989', '03-22824444', '03-22826344', 'bbp_pantai@bomba.gov.my', 1, 'PTI', 1),
(356, 7, 80, 353, '55100', 'Balai Bomba Dan Penyelamat Pudu,', 'Jalan Pudu,', 'WP Kuala Lumpur', '3.133908,101.713450', '03-92220336/40', '03-92220341', 'bbp_pudu.bomba@1govuc.gov.my', 1, 'PDU', 1),
(357, 7, 80, 354, '56100', 'Jalan Manis 1, Taman Segar,', 'Cheras,', 'WP Kuala Lumpur', '3.090222,101.743776', '03-91329490', '03-91300344', 'bbp_cheras@bomba.gov.my', 1, 'CRS', 1),
(359, 7, 80, 356, '57000', 'Balai Bomba Dan Penyelamat Sungai Besi', NULL, 'WP Kuala Lumpur', '3.064640,101.711780', '03-90584444', '03-90573344', 'oc_sgbesi@bombakl.gov.my', 1, 'SBI', 1),
(360, 7, 80, 357, '56000', 'Jalan Yaakob Latif', NULL, 'WP Kuala Lumpur', '3.089897,101.721868', '03-91312440', '03-91321706', 'oc_btr@bombakl.gov.my', 1, 'BTK', 1),
(361, 7, 80, 358, '57000', 'Lebuhraya Bukit Jalil-Puchong', NULL, 'WP Kuala Lumpur', '3.050767,101.667065', '03-89967457', '03-89968241', 'oc_bktjalil@bombakl.gov.my', 1, 'BKJ', 1),
(397, 14, 44, 404, '25200', ' Jalan Persiaran Abu Bakar', 'Bandar Indera Mahkota, Kuantan', '14', NULL, '09-5732978', '09-573 2982', 'zon_kuantan@bomba.gov.my   ', 4, NULL, 1),
(363, 14, 76, 359, '25200', 'Jalan Bomba, Bandar Indera Mahkota,', ' Kuantan, Pahang', '14', NULL, '09 - 570 5999', '09 - 572 9317', NULL, 3, NULL, 1),
(364, 4, 38, 361, '75250', 'Jalan Bukit Rambai ,', 'Melaka', NULL, ' N 02:15:393,E102:10:018', '06-3517994 / 7916', '06-3516994', NULL, 1, 'TBT', 1),
(365, 1, 65, 362, '88450', 'Jalan Sulaiman, Kuala Menggatal,', 'Kota Kinabalu', '17', NULL, '088-473973', '088-473976', 'joharikiflie.bomba@1govuc.gov.my', 2, 'ABPMKK', 1),
(366, 9, 20, 366, '11020', 'Jalan Pulau Betong', 'Balik Pulau', 'Pulau Pinang', 'L:100.12\'46.6\'\' N 5.20\'3.9\'\'', '04-8661495 / 97', '04-866 1493', 'bbp-seripulau.bomba@1govuc.gov.my', 1, 'SBP', 1),
(367, 4, 38, 368, '75450', 'Jalan Ayer Keroh Lama, Hang Tuah Jaya', 'Bukit Beruang', '4', 'N 02 16 105\' / E102 17 202\'', '06-2319134 / 2319135', '06-2322406', 'bombamel@bomba.gov.my', 4, 'ZMT', 1),
(368, 4, 39, 367, '78000', 'Jalan Kelemak', 'Alor Gajah', '4', 'N 02 22.269/ E 102 12 .295', '06-2319134 / 2319135', '06-5566500', '1govuc\\bbp-alg.bomba', 4, 'ZAG', 1),
(369, 7, 80, 430, '51100', 'BATU 2, JALAN IPOH', 'Kuala Lumpur', '2', NULL, '03 - 4048 1035', '03 - 4048 1034', NULL, 3, NULL, 1),
(370, 6, 29, 370, '55100', 'Jalan Pandan Indah', 'Pandan Indah', '6', '3.12824,101.74907', '03-92746253/92746250', '03-92746316', 'bbp-pandan.bomba@1govuc.gov.my', 4, 'Z4SL', 1),
(371, 6, 31, 371, '64000', 'B20, K.L. International Airport,', 'Sepang,', '6', '2.78625,101.67767', '03-87874970/4975', '03-87874986', 'bbp-klia.bomba@1govuc.gov.my', 4, 'Z5SL', 1),
(372, 6, 33, 372, '48000', 'Lot PT4248, Jalan Lingkaran,', 'Kawasan Perindustrian Rawang Integrasi, Rawang', '6', '3.31993,101.57582', '03-60924444/16429', '03-60916434', 'bbp-rawang.bomba@1govuc.gov.my', 4, 'Z6SL', 1),
(373, 6, 30, 373, '42000', 'Persiaran Raja Muda Musa,', 'Pelabuhan Klang', '6', '2.7386944,101.76497222222223', '03-31684444/9764', '03-31655934', 'bbp-pelklang.bomba@1govuc.gov.my', 4, 'Z3SL', 1),
(374, 6, 27, 374, '40200', 'Persiaran Sultan, Seksyen 15,', 'Shah Alam', '6', '3.06053,101.52106', '03-55194444', '03-55134716/02324', 'bbp-shahalam.bomba@1govuc.gov.my', 4, 'Z1SL', 1),
(375, 6, 32, 375, '45400', 'Jalan Bernam,', 'Sekinchan,', '6', '3.51688,101.09566', '03-32418075', '03-32417039', 'bbp-sekinchan.bomba@1govuc.gov.my', 4, 'Z7SL', 1),
(376, 6, 28, 376, '47100', 'Jalan Wawasan, Pusat Bandar Puchong,', 'Puchong', '6', '3.03988,101.65071', '03-80707879/60/34', '03-80707849', 'bbp-puchong.bomba@1govuc.gov.my', 4, 'Z2SL', 1),
(377, 10, 15, 379, '05200', 'Jalan Tun Razak,', 'Alor Setar,', '10', NULL, '04-7344444', '04-7328271', NULL, 4, NULL, 1),
(378, 10, 16, 380, ' 0800', ' Sungai Kedah', 'Kedah', NULL, NULL, '04-4214444', '04-42 5586', NULL, 4, NULL, 1),
(379, 10, 18, 377, ' 0700', 'Jalan Kisap,', 'Langkawi, Kedah', NULL, NULL, '04-9693004', '04-9666444', NULL, 4, NULL, 1),
(380, 10, 17, 378, ' 0900', 'Kulim', 'Kedah', '10', NULL, '04-4904444', '04-4953951', NULL, 4, NULL, 1),
(381, 10, 16, 381, '06900', 'Balai Bomba Dan Penyelamat Yan, Batu 24, Jalan', 'Dulang, Yan Kedah Darul Aman', 'Kedah', '5.835555,   100.385808', '04-4656444', '04-4655061', 'bombayan2011@gmail.com', 1, 'YAN', 1),
(382, 8, 26, 382, '36400', 'Jalan Bagan Datoh', 'Hutan Melintang', 'Perak', 'LAT-03:53,608N - LONG - 100:55,391E', '05-6414444', '05-6416445', 'bbp_hutanmelintang@bomba.gov.my', 1, 'HTM', 1),
(383, 14, 44, 383, '26680', 'Balai Bomba dan Penyelamat Nenasi', NULL, 'Pahang', 'N 03 28 696 / E 103 26 399', '09-4181920', '09-4181921', 'bbp-nenasi.bomba@1govuc.gov.my', 1, 'NSI', 1),
(384, 5, 37, 390, '72300', 'Balai Bomba Dan Penyelamat Simpang Pertang', 'Jelebu', 'Negeri Sembilan', 'N 2 57.40 / E 102 15.25', '06-4920060 / 4920068', '06-4920070', 'bbp-spgpertang.bomba@1govuc.gov.my', 1, 'SPP', 1),
(385, 15, 54, 391, '96000', 'Jalan Lapangan Terbang Lama', 'Sibu', NULL, NULL, '084 - 343 994 / 346 332', '084 - 348 994', NULL, 4, NULL, 1),
(386, 15, 56, 392, '98000', 'Jalan Miri By-Pass Lopeng,', 'Miri', NULL, NULL, '085 - 422 973', '085 - 424 144', NULL, 4, NULL, 1),
(387, 15, 57, 393, '98700', 'Jalan Muhibbah', 'Limbang', NULL, NULL, '085-214 381', '085-214 378', NULL, 4, NULL, 1),
(388, 15, 55, 394, '97008', 'Jalan Tun Ahmad Zaidi', 'Bintulu', NULL, NULL, '086 - 332 222', '086 - 311 078', NULL, 4, NULL, 1),
(389, 3, 42, 396, '86648', 'Jabatan Bomba Dan Penyelamat Kluang', 'Jalan Haji Manan, Kluang', '3', '1°51\'30.0924"N,102°56\'27.1896"E', '07 - 772 4444', '07-7717244', 'zon-kluang.bomba@1govuc.gov.my', 4, 'Z3JOHOR', 1),
(390, 3, 43, 397, '81900', 'Jabatan Bomba Dan Penyelamat Kota Tinggi', 'Jalan Tun Habab', '3', NULL, '07 - 882 6150', '07 - 883 6149', 'zon-kotatinggi.bomba@1govuc.gov.my', 4, 'Z2JOHOR', 1),
(391, 3, 41, 398, '84648', 'Jabatan Bomba Dan Penyelamat Muar', 'Jalan Salleh', '3', '20°53\'043"N,102°57\'010"E', '06 - 955 5994 / 955 5911', '06 - 952 2994', 'zon-muar.bomba@1govuc.gov.my', 4, 'Z4JOHOR', 1),
(392, 12, 47, 399, ' 1520', ' Balai Bomba dan Penyelamat Kota Bharu,', ' Jalan Long Yunus,Kota Bharu', '12', NULL, ' 09-7484444 ', '09-7475737', NULL, 4, NULL, 1),
(393, 12, 48, 400, '17500', ' Balai Bomba dan Penyelamat Tanah Merah,', ' Jalan Pasir Mas,', NULL, NULL, '09-9751813', '09-955 1807', 'zon-kb.bomba@1govuc.gov.my', 4, NULL, 1),
(394, 5, 37, 401, '72120', 'Balai Bomba Dan Penyelamat Jempol', 'Bandar Seri Jempol', '5', NULL, '06 - 4581658', '06 - 4581655', 'zon_jempol@bomba.gov.my', 4, NULL, 1),
(395, 5, 36, 402, '70300', 'Balai Bomba Dan Penyelamat Port Dickson', 'Lot 1670, Port Dickson', '5', NULL, '06 - 6013393/ 06-6017097', '06 - 6017097', 'zon_pd@bomba.gov.my', 4, 'Z2NS', 1),
(396, 5, 35, 403, '70100', 'Balai Bomba Dan Penyelamat Seremban', 'Jln. Zaaba, Seremban', '5', '2.714870,101.951258', '06-7677089 / 7624444', '06-7674444', 'seremban@bombans.gov.my', 4, NULL, 1),
(398, 14, 46, 405, '27200', ' d/a Balai Bomba Dan Penyelamat Kuala Lipis', ' Kuala Lipis,', NULL, NULL, '09-312 1539', '09-312 1533', 'zon_lipis@bomba.gov.my', 4, NULL, 1),
(399, 14, 45, 406, ' 2800', ' d/a Balai Bomba Dan Penyelamat Temerloh,', ' Temerloh,', '14', NULL, '09-296 1444 / 09-296 1352', '09-296 0780', 'zon_temerloh@bomba.gov.my', 4, NULL, 1),
(400, 8, 23, 407, '31400', 'Jalan Komplek Sukan,', 'Ipoh', '8', '4.36363,101.061842', '05-5474444', '05-5460521', 'zon_ipoh@bomba.gov.my', 4, 'Z1PK', 1),
(401, 8, 25, 408, '32040', 'Jalan Dato Seri Kamaruddin', 'Seri Manjung', '8', 'Lat 4:11\'39.6N Long 100:39\'39.1E', '05-6883573', '05-6885739', 'zon_manjung@bomba.gov.my', 4, 'Z3PK', 1),
(402, 8, 24, 409, '34000', 'Lorong Taman Tasik', 'Taiping', '8', NULL, '05-8051391', '05-8051730', 'zon_taiping@bomba.gov.my', 4, 'Z2PK', 1),
(403, 8, 26, 410, '35000', 'Jalan Chenderiang Lama', 'Tapah', '8', NULL, '05-4011094', '05-4011091', 'zon_tapah@bomba.gov.my', 4, 'Z4PK', 1),
(404, 9, 20, 411, '11950', 'JALAN TENGAH,', 'BAYAN BARU', '9', NULL, '03-6468631', '03-6468651', 'zon_bynlepas@bomba.gov.my', 4, 'Z2', 1),
(405, 9, 22, 412, '13200', 'JALAN TUN HAMDAN SHEIKH TAHIR', 'KEPALA BATAS', '9', NULL, '04-5751203', '04-5751211', 'zon_bworth@bomba.gov.my', 4, 'Z4', 1),
(406, 9, 19, 413, '11500', 'JALAN PAYA TERUBONG,', 'AIR ITAM', '9', NULL, '04-8266458', '04-8266461', 'zon_jlnperak@bomba.gov.my', 4, NULL, 1),
(407, 9, 21, 414, '14000', '1025 MK 7', 'JALAN PERDA UTAMA, BUKIT MERTAJAM', '9', NULL, '03-5301163', '03-5302430', 'zon_perai@bomba.gov.my', 4, 'Z3', 1),
(408, 17, 60, 415, '89747', 'Peti Surat 128', 'Kuala Penyu', NULL, NULL, '087-884221', '087-884225', NULL, 4, NULL, 1),
(409, 17, 63, 416, '89608', 'Peti Surat 196', 'Sabah', NULL, NULL, '087-331396', '087-336402', NULL, 4, NULL, 1),
(410, 17, 58, 417, '88446', 'Jalan Sembulan', 'Karung Berkunci 2045', '17', NULL, '088-240214', '088-422872', NULL, 4, NULL, 1),
(411, 17, 59, 418, '89108', 'Peti Surat 386', 'Kota Marudu', NULL, NULL, '088-662889', '088-662939', NULL, 4, NULL, 1),
(412, 17, 62, 419, '89008', 'BT.3 Jalan Utara', 'Peti Surat 1465', NULL, NULL, '089-214444', '089-774444', NULL, 4, NULL, 1),
(413, 17, 61, 420, '91008', 'Jalan Kelapa', 'Peti Surat 762 Tawau', NULL, NULL, '089-774444', '089-777444', NULL, 4, NULL, 1),
(414, 15, 51, 421, '93350', 'Balai Bomba dan Penyelamat Tabuan Jaya,', 'Jalan Setia Raja, Tabuan Jaya, Kuching,', '15', NULL, '082 - 364 486 / 367 350', '082 - 364 986', NULL, 4, NULL, 1),
(415, 15, 52, 422, '94200', 'D/A Balai Bomba dan Penyelamat Siburan,', 'KM 31, Jalan Kuching-Serian,  Siburan, ', '15', NULL, '082 - 864 546', '082 - 864 557 / 862 097', NULL, 4, NULL, 1),
(416, 15, 53, 423, '95000', 'Jalan Sabu', 'Sri Aman sarawak', NULL, NULL, '083-322 228', '083-325 497', NULL, 4, NULL, 1),
(417, 13, 49, 424, NULL, NULL, NULL, 'Terengganu', NULL, NULL, NULL, NULL, 4, NULL, 1),
(418, 13, 50, 425, '24000', 'D/A Balai Bomba dan Penyelamat Chukai', 'Jalan Kubang Kurus, Kemaman', NULL, NULL, ' No. Tel : 09-8598744', ' No. Faks : 09-8583060', 'zon_kerteh@bomba.gov.my', 4, NULL, 1),
(419, 3, 66, 427, '81100', 'Jalan Kangkar Tebrau,', 'Johor Bahru', '3', NULL, '07-3409801', '07-3342344', 'latihan-jhr@bomba.gov.my', 3, 'LAT', 1),
(420, 4, 67, 427, '75450', 'Peti Surat 372, Jalan Tun Hamzah,', 'Hang Tuah Jaya,', '4', NULL, '06-2513100', '06-2311023', NULL, 3, 'LAT', 1),
(421, 5, 68, 427, '70300', 'Seremban 2', 'Seremban', '5', NULL, '06-6011900', '06-6013858', 'latihan_ns@bomba.gov.my', 3, NULL, 1),
(422, 6, 69, 427, '40150', 'No.3 Persiaran Tebar Layar, Bukit Jelutong', 'Seksyen U8,Shah Alam', '6', NULL, '03-78464444', '03-78469892', 'latihan_sel@bomba.gov.my', 3, 'LAT', 1),
(423, 8, 70, 427, '30020', 'Persiaran Meru Utama,', 'Bandar Meru Raya,Ipoh', '8', NULL, '05-5264444', '05-5272535', 'latihan_prk@bomba.gov.my', 3, 'LAT', 1),
(424, 9, 71, 427, '14100', 'Jalan Batu Kawan', 'Simpang Ampat,', '9', NULL, '04-5047222', '04-5047202', 'latihan_png@bomba.gov.my', 3, 'LAT', 1),
(425, 10, 72, 427, '05200', 'Jalan Tun Razak,', 'Alor Setar', '10', NULL, '04-7344444', '04-7311142', 'pro_kdh@bomba.gov.my', 3, NULL, 1),
(426, 11, 73, 427, '01000', 'Persiaran Tuanku Syed Putra', 'Kangar', NULL, NULL, '04-9778827', '04-9766069', NULL, 3, NULL, 1),
(427, 12, 74, 427, '15100', 'Bandar Baru Tanjung,', 'Jalan Pasir Mas - Salor, Kota Bharu,', NULL, NULL, '09-7444444', '09-7487308', NULL, 3, NULL, 1),
(428, 13, 75, 427, '20648', 'Jalan Kemajuan, Bukit Kecil', 'Kuala Terengganu', '13', NULL, '09-622 4444', '09 - 622 9009', NULL, 3, NULL, 1),
(429, 14, 76, 427, '25200', 'Jalan Bomba, Bandar Indera Mahkota,', 'Kuantan, Pahang', '14', NULL, '09-5705999', '09-5729307', 'latihan_phg@bomba.gov.my', 3, 'LAT', 1),
(430, 15, 77, 427, '93350', 'Jalan Setia Raja', 'Tabuan Jaya, Kuching Sarawak', NULL, NULL, '082 - 365 994', '082-369646', NULL, 3, NULL, 1),
(431, 17, 78, 427, '88990', 'Jalan Lintas, Beg Berkunci 30,', 'Kota Kinabalu', NULL, NULL, '088-422873', '088-422742', NULL, 3, NULL, 1),
(432, 3, 66, 428, '81100', 'Jalan Kangkar Tebrau,', 'Johor Bahru', '3', NULL, '07-340 9931', '07-3342344', 'bkk-jhr@bomba.gov.my', 3, 'BKK', 1),
(433, 4, 67, 428, '75450', 'Peti Surat 372, Jalan Tun Hamzah,', 'Hang Tuah Jaya,', '4', NULL, '06-2513100', '06-2311023', NULL, 3, 'BKK', 1),
(434, 5, 68, 428, '70300', 'Seremban 2', 'Seremban', '5', NULL, '06-6011900', '06-6012523', 'bkk_ns@bomba.gov.my', 3, 'BKK', 1),
(435, 6, 69, 428, '40150', 'No.3 Persiaran Tebar Layar, Bukit Jelutong', 'Seksyen U8,Shah Alam', '6', NULL, '03-78464444', '03-78456733', 'bkk_sel@bomba.gov.my', 3, 'BKK', 1),
(436, 8, 70, 428, '30020', 'Persiaran Meru Utama,', 'Bandar Meru Raya,Ipoh', '8', NULL, '05-5297444', '05-5265309', 'bkk_prk@bomba.gov.my', 3, 'BKK', 1),
(437, 9, 71, 428, '14100', 'Jalan Batu Kawan', 'Simpang Ampat,', '9', NULL, '04-5047222', '04-5047202', 'bkk_png@bomba.gov.my', 3, 'BKK', 1),
(438, 10, 72, 428, '05200', 'Jalan Tun Razak,', 'Alor Setar', '10', NULL, '04-7344444', '04-73131060', 'pgrsn_kdh@bomba.gov.my', 3, NULL, 1),
(439, 11, 73, 428, '01000', 'Persiaran Tuanku Syed Putra', 'Kangar', '11', NULL, '04-9778827', '04-9766069', NULL, 3, NULL, 1),
(440, 12, 74, 428, '15100', 'Bandar Baru Tanjung,', 'Jalan Pasir Mas - Salor, Kota Bharu,', '12', NULL, '09-7444444', '09-7487308', NULL, 3, NULL, 1),
(441, 13, 75, 428, '20648', 'Jalan Kemajuan, Bukit Kecil', 'Jalan Kubang Kurus, Kemaman', '13', NULL, '09-622 4444', '09- 622 9009', NULL, 3, NULL, 1),
(442, 14, 76, 428, '25200', 'Jalan Bomba, Bandar Indera Mahkota,', 'Kuantan, Pahang', '14', NULL, '09-5705999', '09-5729307', 'keselamatan_phg@bomba.gov.my', 3, NULL, 1),
(443, 15, 77, 428, '93350', 'Jalan Setia Raja', 'Tabuan Jaya, Kuching Sarawak', NULL, NULL, '082 - 365 994', '082-369 646', NULL, 3, NULL, 1),
(444, 17, 78, 428, '88990', 'Jalan Lintas, Beg Berkunci 30,', 'Kota Kinabalu', NULL, NULL, '088-422873', '088-422742', NULL, 3, NULL, 1),
(445, 3, 66, 429, '81100', 'Jalan Kangkar Tebrau,', 'Johor Bahru', '3', NULL, '07-3409940', '07-3342344', 'siasat-jhr@bomba.gov.my', 3, 'BPK', 1),
(446, 4, 67, 429, '75450', 'Peti Surat 372, Jalan Tun Hamzah,', 'Hang Tuah Jaya,', '4', NULL, '06-2513100', '06-2311023', NULL, 3, 'BPK', 1),
(447, 5, 68, 429, '70300', 'Seremban 2', 'Seremban', NULL, NULL, '06-6011900', '06-6012775', 'siasat_ns@bomba.gov.my', 3, NULL, 1),
(448, 6, 69, 429, '40150', 'No.3 Persiaran Tebar Layar, Bukit Jelutong', 'Seksyen U8,Shah Alam', '6', NULL, '03-78464444', '03-78469892', 'siasatan_sel@bomba.gov.my', 3, 'BPK', 1),
(449, 8, 70, 429, '30020', 'Persiaran Meru Utama,', 'Bandar Meru Raya,Ipoh', '8', NULL, '05-5297444', '05-5479267', 'siasat_prk@bomba.gov.my', 3, 'BPK', 1),
(450, 9, 71, 429, '14100', 'Jalan Batu Kawan', 'Simpang Ampat,', '9', NULL, '04-5047222', '04-5047202', 'bpk_png@bomba.gov.my', 3, 'BPK', 1),
(451, 10, 72, 429, '05200', 'Jalan Tun Razak,', 'Alor Setar', '10', NULL, '04-7344444', '04-7347689', 'pro_kdh@bomba.gov.my', 3, NULL, 1),
(452, 11, 73, 429, '01000', 'Persiaran Tuanku Syed Putra', 'Kangar', '11', NULL, '04-9778827', '04-9766069', NULL, 3, NULL, 1),
(453, 12, 74, 429, '15100', 'Bandar Baru Tanjung,', 'Jalan Pasir Mas - Salor, Kota Bharu,', NULL, NULL, '09-7444444', '09-7487308', NULL, 3, NULL, 1),
(454, 13, 75, 429, '20648', 'Jalan Kemajuan, Bukit Kecil,', 'Kuala Terengganu', '13', NULL, '09-622 4444', '09 - 622 9009', NULL, 3, NULL, 1),
(455, 14, 76, 429, '25200', 'Jalan Bomba, Bandar Indera Mahkota,', 'Kuantan, Pahang', '14', NULL, '09-5705999', '09-5729307', 'penyiasatan_phg@bomba.gov.my', 3, NULL, 1),
(456, 15, 77, 429, '93350', 'Jalan Setia Raja', 'Tabuan Jaya, Kuching Sarawak', NULL, NULL, '082 - 365 994', '082- 369 646', NULL, 3, NULL, 1),
(457, 17, 78, 429, '88990', 'Jalan Lintas, Beg Berkunci 30,', 'Kota Kinabalu', NULL, NULL, '088-422873', '088-422742', NULL, 3, NULL, 1),
(460, 16, 81, 427, '87023', 'Jalan Tun Mustapha', 'Peti Surat 81301 W.P Labuan', NULL, NULL, '087-592999', '087-415932', NULL, 3, NULL, 1),
(461, 16, 81, 428, '87023', 'Jalan Tun Mustapha', 'Peti Surat 81301 W.P Labuan', NULL, NULL, '087-592999', '087-415932', NULL, 3, NULL, 1),
(462, 16, 81, 429, '87023', 'Jalan Tun Mustapha', 'Peti Surat 81301 W.P Labuan', NULL, NULL, '087-592999', '087-415932', NULL, 3, NULL, 1),
(463, 2, 79, 427, '62250', 'Balai Bomba Dan Penyelamat Putrajaya', 'Lebuh Wawasan Presint 7', '2', 'N 02.55\'57.49" E 101.40\'25.05"', '03-88880970', '03-88880019', 'lat-wpp.bomba@1govuc.gov.my', 3, 'LAT', 1),
(464, 2, 79, 428, '62250', 'Balai Bomba Dan Penyelamat Putrajaya', 'Lebuh Wawasan Presint 7', NULL, 'N 02.55\'57.49" E 101.40\'25.05"', '03-88880970', '03-88880019', 'bkk-wpp.bomba@1govuc.gov.my', 3, 'BKK', 1),
(465, 2, 79, 429, '62250', 'Balai Bomba Dan Penyelamat Putrajaya', 'Lebuh Wawasan Presint 7', '2', 'N 02.55\'57.49" E 101.40\'25.05"', '03-88880970', '03-88880019', 'bpk-wpp.bomba@1govuc.gov.my', 3, 'BPK', 1),
(466, 2, 79, 430, '62250', 'Jabatan Bomba Dan Penyelamat Malaysia', 'Lebuh Wawasan Presint 7', NULL, 'N 02.55\'57.49" E 101.40\'25.05"', '03-88880970', '03-88880019', 'kej-wpp.bomba@1govuc.gov.my', 3, 'KEJ', 1),
(467, 3, 66, 430, '81100', 'Jabatan Bomba Dan Penyelamat Malaysia', 'Johor Bahru', '3', NULL, '07-254 2544', '07-255 4844', 'kejjohor.bomba@1govuc.gov.my', 3, 'KJT', 1),
(468, 4, 67, 430, '75050', 'Jalan Tambak Sepelong,', '75050 Padang Temu, Melaka', '4', NULL, '06-2688750', '06-2311023', NULL, 3, 'KJT', 1),
(469, 5, 68, 430, '71450', 'Balai Bomba dan Penyelamat Senawang', 'Seremban,', '5', NULL, '06-6772064', '06-6797571', NULL, 3, NULL, 1),
(470, 6, 69, 430, '40200', 'Jalan Persiaran Sultan,', 'Seksyen 15, Shah Alam', '6', NULL, '03-55101085', '03-55101085', 'kjt_sel@bomba.gov.my', 3, 'KJT', 1),
(471, 8, 70, 430, '31400', 'Jalan Komplek Sukan,', 'Ipoh', '8', NULL, '05-5474444', '05-5478188', 'kjr_prk@bomba.gov.my', 3, 'KJT', 1),
(472, 9, 71, 430, '13600', 'Jalan Perusahaan,', 'Perai,', '9', NULL, '04-398 4444', '04-397 1984', NULL, 3, 'KJT', 1),
(473, 10, 72, 430, '05200', 'Jalan Tun Razak,', 'Alor Setar', '10', NULL, '04-7344444', '04-7319531', NULL, 3, NULL, 1),
(474, 11, 73, 430, '01000', 'Persiaran Meru Utama,', 'Kangar', '11', NULL, '04-9778827', '04-9766069', NULL, 3, NULL, 1),
(475, 12, 74, 430, '15100', 'Bandar Baru Tanjung,', 'Jalan Pasir Mas - Salor, Kota Bharu,', NULL, NULL, ' 09-7484444 ', '09-7487308', 'kejkelantan.bomba@1govuc.gov.my', 3, NULL, 1),
(476, 13, 75, 430, '20648', 'Jalan Kemajuan, Bukit Kecil', 'Kuala Terengganu', '13', NULL, '09-622 4444', '09-623 4444', 'kjt-trg.bomba@1govuc.gov.my', 3, NULL, 1),
(477, 14, 76, 430, '25200', 'Jalan Persiaran Sultan Abdullah,', 'Bandar Indera Mahkota, Kuantan', '14', NULL, '09-5739994', '09-57333053', 'kejuruteraan_phg@bomba.gov.my', 3, NULL, 1),
(478, 15, 77, 430, '93350', 'Jalan Setia Raja', 'Tabuan Jaya, Kuching Sarawak', NULL, NULL, '082 - 365 994', '082 396 646', NULL, 3, NULL, 1),
(479, 16, 81, 430, '87023', 'Jalan Tun Mustapha', 'Peti Surat 81301 W.P Labuan', NULL, NULL, '087-592999', '087-415932', NULL, 3, NULL, 1),
(480, 17, 78, 430, '88990', 'Jalan Lintas, Beg Berkunci 30,', 'Kota Kinabalu', NULL, NULL, '088-422 871', '088-422 742', NULL, 3, NULL, 1),
(481, 2, 79, 432, '62250', 'Balai Bomba Dan Penyelamat Putrajaya', 'Lebuh Wawasan Presint 7', '2', 'N 02.55\'57.49" E 101.40\'25.05"', '03-88880970', '03-88880019', 'admin-wpp.bomba@1govuc.gov.my', 3, NULL, 1),
(482, 3, 66, 432, '81100', 'Jalan Kangkar Tebrau,', 'Johor Bahru', '3', NULL, '07-3409999', '07-3342344', 'sm-jhr@bomba.gov.my', 3, 'P', 1),
(483, 4, 67, 432, '75450', 'Peti Surat 372, Jalan Tun Hamzah,', 'Hang Tuah Jaya,', '4', NULL, '06-2513100', '06-2311023', NULL, 3, NULL, 1),
(484, 5, 68, 432, '70300', 'Seremban 2', 'Seremban', '5', NULL, '06-6011900', '06-6011040', 'pengurusan_ns@bomba.gov.my', 3, NULL, 1),
(485, 6, 69, 432, '40150', 'No.3 Persiaran Tebar Layar, Bukit Jelutong', 'Seksyen U8,Shah Alam', '6', NULL, '03-78464444', '03-78475757', 'pengurusan_sel@bomba.gov.my', 3, NULL, 1),
(486, 7, 80, 432, '50648', 'Jalan Maharajalela,', 'Kuala Lumpur', '7', NULL, '03-21484444', '03-21451625', 'pro-kl.bomba@1govuc.gov.my', 3, NULL, 1),
(487, 8, 70, 432, '30020', 'Persiaran Meru Utama,', 'Bandar Meru Raya,Ipoh', '8', NULL, '05-5297444', '05-5272535', 'pgrsn_prk@bomba.gov.my', 3, 'PGN', 1),
(488, 9, 71, 432, '14100', 'Jalan Batu Kawan', 'Simpang Ampat,', NULL, NULL, '04-5047222', '04-2547202', 'pgrn_png@bomba.gov.my', 3, NULL, 1),
(489, 10, 72, 432, '05200', 'Jalan Tun Razak,', 'Alor Setar', '10', NULL, '04-7344444', '04-7314484', NULL, 3, NULL, 1),
(490, 11, 73, 432, '01000', 'Persiaran Tuanku Syed Putra', 'Kangar', '11', NULL, '04-9778827', '04-9766069', NULL, 3, NULL, 1),
(491, 12, 74, 432, '15100', 'Bandar Baru Tanjung,', 'Jalan Pasir Mas - Salor, Kota Bharu,', '12', NULL, '09-7444444', '09-7487308', NULL, 3, NULL, 1),
(492, 13, 75, 432, '20648', 'Jalan Kemajuan, Bukit Kecil', 'Kuala Terengganu', '13', NULL, '09-622 4444', '09-6229009', NULL, 3, NULL, 1),
(493, 14, 76, 432, '25200', 'Jalan Bomba, Bandar Indera Mahkota,', 'Kuantan, Pahang', '14', NULL, '09--5705999', '09-5729307', NULL, 3, NULL, 1),
(494, 15, 77, 432, '93350', 'Jalan Setia Raja', 'Tabuan Jaya, Kuching Sarawak', NULL, NULL, '082 - 365 994', '082-369 646', NULL, 3, NULL, 1),
(495, 16, 81, 432, '87023', 'Jalan Tun Mustapha', 'Peti Surat 81301 W.P Labuan', NULL, NULL, '087-592999', '087-415932', NULL, 3, NULL, 1),
(496, 17, 78, 432, '88990', 'Jalan Lintas, Beg Berkunci 30,', 'Kota Kinabalu', NULL, NULL, '088-422873', '088-422742', NULL, 3, NULL, 1),
(520, 6, 29, 455, '43500', 'Jalan TPS 1/7, Taman Pelangi,', 'Semenyih', 'Selangor', 'latitude 2 55\' 56" longitude 101 51\' 28"', '03-60783959', 'tiada', 'bbp_semenyih@bomba.gov.my', 1, NULL, 1),
(499, 5, 68, 435, '70300', 'Seremban 2', 'Seremban', '5', NULL, '06-6011900', '06-6011040', 'pengurusan_ns@bomba.gov.my', 3, NULL, 1),
(500, 5, 68, 436, '70300', 'Seremban 2', 'Seremban', '5', NULL, '06-6011900', '06-6011040', 'pengurusan_ns@bomba.gov.my', 3, NULL, 1),
(501, 3, 66, 435, '81100', 'Jalan Kangkar Tebrau,', 'Johor Bahru', NULL, NULL, '07-340 9889', '07-3342344', 'pgh.jhr@bomba.gov.my', 3, NULL, 1),
(502, 17, 78, 435, '88990', 'Jalan Lintas, Beg Berkunci 30,', 'Kota Kinabalu', NULL, NULL, '088-422873', '088-422742', NULL, 3, NULL, 1),
(503, 17, 78, 436, '88990', 'Jalan Lintas, Beg Berkunci 30,', 'Kota Kinabalu', NULL, NULL, '088-422873', '088-422742', NULL, 3, NULL, 1),
(504, 3, 40, 441, '80648', 'Balai Bomba dan Penyelamat Johor Bahru,', ' Jalan Larkin,Johor Bahru', '3', '1° 17\' 26.4552" N 103° 27\' 1.0866" E', '07-224 8281', '07 - 2246724', 'zon-jb.bomba@1govuc.gov.my', 4, 'Z1JOHOR', 1),
(505, 7, 80, 428, '50648', 'Jalan Maharajalela,', 'Kuala Lumpur', '7', NULL, '03-21484444', '03-21451625', 'pro-kl.bomba@1govuc.gov.my', 3, NULL, 1),
(506, 7, 80, 429, ' 5330', 'JALAN 46/26 TAMAN SRI RAMPAI SETAPAK,', 'Kuala Lumpur', '7', NULL, '03 - 4023 5472', '03 - 4024 6761', NULL, 3, NULL, 1),
(507, 7, 80, 427, '50648', 'Jalan Maharajalela,', 'Kuala Lumpur', NULL, NULL, '03 - 92224904', '03- 92210435', 'pro-kl.bomba@1govuc.gov.my', 3, NULL, 1),
(508, 1, 82, 443, '71760', 'Pusat Penyelidikan dan Kebombaan (PUSPEK),JBPM,', 'Lengkok Teknologi, Kaw.Perindustrian Enstek, Nilai', '5', '2.7386944,101.76497222222223', '06-7997600', '06-7997604', 'research.bomba@1govuc.gov.my', 3, 'RMP', 1),
(509, 4, 38, 444, '77000', 'Jalan Taman Maju', 'Jasin', 'Melaka', 'N 02 17.912/E102 24.913', '06-5293736', '06-5292407', 'bombajasin bestari@email.com', 1, 'JSB', 1),
(511, 1, 82, 446, '71760', 'Kompleks Pusat Penyelidikan Kebombaan (PUSPEK)', 'Lengkok Teknologi, Kawasan Perindustrian Enstek', '5', '2.7386944,101.76497222222223', '06-7997600', '06-7997604', 'research.bomba@1govuc.gov.my', 3, 'RMP', 1),
(512, 1, 82, 447, '71760', 'Pusat Penyelidikan dan Kebombaan (PUSPEK),JBPM,', 'Lengkok Teknologi, Kaw.Perindustrian Enstek, Nilai', '5', '2.7386944,101.76497222222223', '06-7997600', '06-7997604', 'research.bomba@1govuc.gov.my', 3, NULL, 1),
(514, 12, 47, 448, '15100', 'Bandar Baru Tunjong, Jalan Pasir Mas Salor', 'Kota Bharu', 'Kelantan', 'N 06 04.322\' E 102 13.947\'', '097462699', '097473095', 'kb-tunjung.bomba@1govuc.gov.my', 1, 'TJG', 1),
(515, 17, 62, 450, '90200', 'Jalan Datuk Hj Malik Chua, Kota Kinabatangan', NULL, 'Sabah', '05:34,7572 N 117:50,4209 E', '089-562630/089-6310', '089-562632', 'ketuabkbtgn@bomba.gov.my', 1, 'KBT', 1),
(523, 1, 12, 458, '13200', 'Jalan Pinang Tunggal', 'Kepala Batas, Seberang Perai Utara,', '9', NULL, '04-5759113', '04-5753115', NULL, 3, 'PUB', 1),
(524, 1, 83, 459, '62250', 'Jabatan Bomba Dan Penyelamat Malaysia', 'Lebuh Wawasan Presint 7', '2', '2.9319444,101.67371666666668', '03-8892 7600', '03-88880829', 'integriti.bomba@1govuc.gov.my', 3, 'UIN', 1),
(525, 15, 55, 460, NULL, NULL, NULL, 'Sarawak', NULL, NULL, NULL, NULL, 1, NULL, 1),
(526, 3, 40, 461, '81000', 'Jalan Putra 1,', 'Kulai Jaya.', '3', NULL, '07 - 590 8711', '07 - 590 8235', 'bbp-putrakulai.bomba@1govuc.gov.my', 1, NULL, 1),
(527, 3, 40, 462, '81100', 'Jalan Kangkar Tebrau,', 'Johor Bahru', NULL, NULL, '07-3317524', '07-3317522', 'bbp-tebrau.bomba@1govuc.gov.my', 1, NULL, 1),
(528, 15, 55, 463, '97200', 'D/A Balai Bomba dan Penyelamat Tatau,', 'KM 54, Jalan Bintulu - Sibu, Tatau,', '15', NULL, '086-311052', '086-333394', NULL, 1, NULL, 1),
(532, 12, 74, 435, '15100', 'Bandar Baru Tanjung,', 'Jalan Pasir Mas - Salor, Kota Bharu,', '12', NULL, '09-7444444', '09-7487308', NULL, 3, NULL, 1),
(531, 10, 72, 436, '05200', 'Jalan Tun Razak,', 'Alor Setar', '10', NULL, '04-7344444', '04-7343868', NULL, 3, NULL, 1),
(530, 10, 72, 435, '05200', 'Jalan Batu Kawan', 'Alor Setar', NULL, NULL, '04-7344444', '04-7343868', NULL, 3, NULL, 1),
(541, 11, 73, 436, '01000', 'Persiaran Tuanku Syed Putra', 'Kangar', '11', NULL, '04-9778827', '04-9766069', NULL, 3, NULL, 1),
(540, 11, 73, 435, '01000', 'Persiaran Tuanku Syed Putra', 'Kangar', '11', NULL, '04-9778827', '04-9766069', NULL, 3, NULL, 1),
(539, 8, 70, 436, '30020', 'Persiaran Meru Utama,', 'Bandar Meru Raya,Ipoh', '8', NULL, '05-5297444', '05-5265203', 'pgrsn_prk@bomba.gov.my', 3, 'PGN', 1),
(538, 8, 70, 435, '30020', 'Persiaran Meru Utama,', 'Bandar Meru Raya,Ipoh', '8', NULL, '05-5297444', '05-5265203', 'pengurusan_ns@bomba.gov.my', 3, 'PGN', 1),
(537, 14, 76, 436, '25200', 'Jalan Bomba, Bandar Indera Mahkota,', 'Kuantan, Pahang', '14', NULL, '09-5705999', '09-5729307', NULL, 3, NULL, 1),
(536, 14, 76, 435, '25200', 'Jalan Bomba, Bandar Indera Mahkota,', 'Kuantan, Pahang', '14', NULL, '09-5705999', '09-5729307', NULL, 3, NULL, 1),
(535, 4, 67, 436, '75450', 'Peti Surat 372, Jalan Tun Hamzah,', 'Hang Tuah Jaya,', '4', NULL, '06-2513100', '06-2513111', NULL, 3, NULL, 1),
(534, 4, 67, 435, '75450', 'Peti Surat 372, Jalan Tun Hamzah,', 'Hang Tuah Jaya,', NULL, NULL, '06-2513113', '06-2311023', NULL, 3, NULL, 1),
(533, 12, 74, 436, '15100', 'Bandar Baru Tanjung,', 'Jalan Pasir Mas - Salor, Kota Bharu,', '12', NULL, '09-7444444', '09-7487308', NULL, 3, NULL, 1),
(529, 3, 66, 436, NULL, NULL, NULL, 'Negeri Sembilan', NULL, NULL, NULL, NULL, 3, NULL, NULL),
(542, 7, 80, 435, '50648', 'Jalan Maharajalela,', 'Kuala Lumpur', NULL, NULL, '03 - 2148 4444', '03-21451625', 'pro-kl.bomba@1govuc.gov.my', 3, NULL, 1),
(543, 7, 80, 436, '50648', 'Jalan Maharajalela,', 'Kuala Lumpur', NULL, NULL, '03-21484444', '03-21451625', 'pro-kl.bomba@1govuc.gov.my', 3, NULL, 1),
(544, 16, 81, 435, '87023', 'Jalan Tun Mustapha', 'Peti Surat 81301 W.P Labuan', NULL, NULL, '087-592999', '087-415932', NULL, 3, NULL, 1),
(545, 16, 81, 436, '87023', 'Jalan Tun Mustapha', 'Peti Surat 81301 W.P Labuan', NULL, NULL, '087-592999', '087-415932', NULL, 3, NULL, 1),
(547, 2, 79, 436, '62250', 'Balai Bomba Dan Penyelamat Putrajaya', 'Lebuh Wawasan Presint 7', NULL, 'N 02.55\'57.49" E 101.40\'25.05"', '03-88880970', '03-88880019', 'rash.bomba@1govuc.gov.my', 3, NULL, 1),
(548, 9, 71, 435, '14100', 'Jalan Batu Kawan', 'Simpang Ampat,', '9', NULL, '04-5047222', '04-5047246', 'norsiah.saat@bomba.gov.my', 3, NULL, 1),
(549, 9, 71, 436, '14100', 'Jalan Batu Kawan', 'Simpang Ampat,', '9', NULL, '04-5047222', '04-5047202', 'shoki.hamzah@bomba.gov.my', 3, NULL, 1),
(550, 15, 77, 435, '93350', 'Jalan Setia Raja', 'Tabuan Jaya, Kuching Sarawak', NULL, NULL, '082 - 365 994', '082 396 646', NULL, 3, NULL, 1),
(551, 15, 77, 436, '93350', 'Jalan Setia Raja', 'Tabuan Jaya, Kuching Sarawak', NULL, NULL, '082 - 365 994', '082 396 646', NULL, 3, NULL, 1),
(552, 6, 69, 435, '40150', 'No.3 Persiaran Tebar Layar, Bukit Jelutong', 'Seksyen U8,Shah Alam', '6', NULL, '03-78464444', '03-78469892', 'otba@bomba.gov.my', 3, NULL, 1),
(553, 6, 69, 436, '40150', 'No.3 Persiaran Tebar Layar, Bukit Jelutong', 'Seksyen U8,Shah Alam', '6', NULL, '03-78464444', '03-78458527', 'puzi.tabot@bomba.gov.my', 3, NULL, 1),
(554, 13, 75, 435, '20648', 'Jalan Kemajuan, Bukit Kecil', 'Kuala Terengganu', '13', NULL, '09-622 4444', '09-6229009', NULL, 3, NULL, 1),
(555, 13, 75, 436, '20648', 'Jalan Kemajuan, Bukit Kecil', 'Kuala Terengganu', '13', NULL, '09-622 4444', '09-6229009', NULL, 3, NULL, 1),
(556, 1, 1, 464, '62250', 'Jabatan Bomba Dan Penyelamat Malaysia', 'Lebuh Wawasan Presint 7', '2', '2.9319444,101.67371666666668', '03-8892 7600', '03-8888 0827', 'soiman.bomba@1govuc.gov.my', 3, NULL, 1),
(557, 1, 1, 465, '62250', 'Jabatan Bomba Dan Penyelamat Malaysia', 'Lebuh Wawasan Presint 7', '2', '2.9319444,101.67371666666668', '03-8892 7600', '03-8889 1173', 'aby.bomba@1govuc.gov.my', 3, NULL, 1),
(558, 13, 49, 466, '11111', 'N/A', 'N/A', 'Terengganu', NULL, NULL, NULL, NULL, 1, NULL, 1),
(559, 3, 40, 467, '11111', 'N/A', 'N/A', 'Johor', NULL, NULL, NULL, NULL, 1, NULL, 1),
(560, 4, 38, 468, '11111', 'N/A', 'N/A', 'Melaka', NULL, NULL, NULL, NULL, 1, NULL, 1),
(561, 12, 47, 469, '11111', 'N/A', 'N/A', 'Kelantan', NULL, NULL, NULL, NULL, 1, NULL, 1),
(562, 3, 40, 470, '11111', 'N/A', 'N/A', 'Johor', NULL, NULL, NULL, NULL, 1, NULL, 1),
(563, 7, 80, 471, '11111', 'N/A', 'N/A', 'WP Kuala Lumpur', NULL, NULL, NULL, NULL, 1, NULL, 1),
(564, 11, 73, 472, '11111', 'N/A', 'N/A', 'Perlis', NULL, NULL, NULL, NULL, 1, NULL, 1);

-- --------------------------------------------------------

--
-- Table structure for table `negeri`
--

CREATE TABLE `negeri` (
  `id_negeri` int(2) NOT NULL,
  `nama_ibu_pejabat` varchar(254) DEFAULT NULL,
  `alamat` varchar(254) DEFAULT NULL,
  `no_tel` varchar(50) DEFAULT NULL,
  `fak` varchar(50) DEFAULT NULL,
  `sort` int(11) DEFAULT NULL,
  `kod_negeri` varchar(20) DEFAULT NULL
) ENGINE=MyISAM DEFAULT CHARSET=latin1;

--
-- Dumping data for table `negeri`
--

INSERT INTO `negeri` (`id_negeri`, `nama_ibu_pejabat`, `alamat`, `no_tel`, `fak`, `sort`, `kod_negeri`) VALUES
(1, 'Ibu Pejabat', 'Ibu Pejabat,\nJab Bomba dan Penyelamat Malaysia,Lebuh Wawasan,\nPresint 7, 62250 Putrajaya', '03- 8888 0036/37/38/40', '03 - 8888 0025', 0, 'IP'),
(2, 'WP Putrajaya', 'Ibu Pejabat,\nJab Bomba dan Penyelamat WP Putrajaya,Lebuh Wawasan,\nPresint 7, 62250 Putrajaya', '03- 8888 0036/37/38/40', '03 - 8888 0025', 16, 'PJ'),
(3, 'Johor', 'Ibu Pejabat, Jab Bomba dan Penyelamat Negeri Johor, Jalan Larkin, 80648, Johor Bahru, Johor', '07- 224 8444', '07- 227 8732/6362', 9, 'JH'),
(4, 'Melaka', 'Ibu Pejabat,\nJab Bomba dan Penyelamat Negeri Melaka,Jalan Tun Hamzah,\nHang Tuah Jaya,\nBukit Katil, 75450, Melaka', ' 06-251 3100', '06-231 1023', 8, 'MK'),
(5, 'Negeri Sembilan', 'Ibu Pejabat,\nJab Bomba dan Penyelamat Negeri Sembilan,Seremban 2,\n70300,Seremban', '06-601 1900', '06-601 3858', 7, 'NS'),
(6, 'Selangor', 'Ibu Pejabat,\nJab Bomba dan Penyelamat negeri Selangor,No.3 Persiaran Tebar Layar,\nSeksyen U8,Bukit Jelutong,\n40150,Shah Alam,Selangor', '03-7846 4444', '03-7846 9892', 5, 'SL'),
(7, 'WP Kuala Lumpur', 'Ibu Pejabat,\nJab Bomba dan Penyelamat WP Kuala Lumpur,Jalan Maharajalela,\n50648 Kuala Lumpur', '03-21484444', '03-21451625', 6, 'KL'),
(8, 'Perak', 'Ibu Pejabat,\nJab Bomba dan Penyelamat Negeri Perak, Jalan Kompleks Sukan,\n31400,Ipoh, Perak', '05-547 4444/2596', '05-546 0521', 4, 'PK'),
(9, 'Pulau Pinang', 'Ibu Pejabat,\nJab Bomba dan Penyelamat Pulau Pinang, Jalan Perusahaan\n13600,Perai\nPulau Pinang', '04-397 0760/0761/392 9854', '04-398 2544', 3, 'PP'),
(10, 'Kedah', 'Ibu Pejabat,\nJab Bomba dan Penyelamat,Negeri kedah,Jalan Tun Razak,\n05200, Alor Setar', '04-734 4444', '04-732 8271', 2, 'KD'),
(11, 'Perlis', 'Ibu Pejabat,\nJab Bomba dan Penyelamat, Negeri Perlis,Tingkat 5\nBangunan Persekutuan Baru\nPersiaran Jubli Emas\n01000, Kangar, Perlis', '04-977 8827', '04-976 6096', 1, 'PS'),
(12, 'Kelantan', 'Ibu Pejabat,\nJab Bomba dan Penyelamat, Negeri kelantan Jalan Long Yunus,\n15200, Kota Bahru,\nKelantan', '09-748 4444', '09-748 7308', 12, 'KN'),
(13, 'Terengganu', 'Ibu Pejabat,\nJab Bomba dan Penyelamat,\nNegeri Terengganu Darul Iman,\nJalan Kemajuan,Bukit Kecil,\n20648, Kuala Terengganu,\nTerengganu', '09-622 4444', '09-622 9009', 11, 'TR'),
(14, 'Pahang', 'Ibu Pejabat,\nJab Bomba dan Penyelamat,\nNegeri Pahang Darul Makmur,\nJalan Bukit Ubi, 25200,Kuantan\nPahang', '09-513 5544/2453/9012/\n       0994', '09-514 2775', 10, 'PH'),
(15, 'Sarawak', 'bu Pejabat,\nJab Bomba dan Penyelamat,\nNegeri Sarawak,\nJalan Setia Raja, Tabuan Jaya,\n93350, Kuching, Sarawak', '082-365 994', '082-369 646', 14, 'SK'),
(16, 'WP Labuan', 'Ibu Pejabat,\nJab Bomba dan Penyelamat,\nW.P Labuan,\nJalan Tun Mustapha,\nPeti Surat 289,\n87008, WP Labuan', 'Tel : 087-481 444', 'Faks : 087-415 932', 15, 'LA'),
(17, 'Sabah', 'Ibu Pejabat,\nJab Bomba dan Penyelamat,\nNegeri Sabah,\nJalan Lintas,\nLikas,Beg Berkunci 30,\n88990, Kota Kinabalu.', 'Tel : 088-422 873', 'Faks : 088-422 742', 13, 'SB');

-- --------------------------------------------------------

--
-- Table structure for table `unit`
--

CREATE TABLE `unit` (
  `id_unit` int(254) NOT NULL,
  `nama_unit` varchar(150) NOT NULL DEFAULT '',
  `id_jenis_unit` int(11) DEFAULT NULL,
  `kod_unit` varchar(20) DEFAULT NULL
) ENGINE=MyISAM DEFAULT CHARSET=latin1;

--
-- Dumping data for table `unit`
--

INSERT INTO `unit` (`id_unit`, `nama_unit`, `id_jenis_unit`, `kod_unit`) VALUES
(1, 'Pejabat Ketua Pengarah', 3, NULL),
(2, 'Unit Undang-Undang', 3, NULL),
(3, 'Unit Audit Dalaman', 3, NULL),
(5, 'Pejabat Penolong Ketua Pengarah (AM)', 3, NULL),
(6, 'Unit Perancangan Dasar', 3, NULL),
(7, 'Unit Komunikasi Korporat', 3, NULL),
(8, 'Unit Inspektorat', 3, NULL),
(10, 'Cawangan Pengurusan Sumber Manusia', 3, NULL),
(11, 'Cawangan Pengurusan Kewangan', 3, NULL),
(12, 'Cawangan Pentadbiran', 3, NULL),
(13, 'Cawangan Teknologi Maklumat', 3, 'ICT'),
(15, 'Cawangan Pengurusan Akademi Bomba', 3, NULL),
(17, 'Cawangan Istiadat Dan Pakaian Seragam', 3, NULL),
(18, 'Cawangan Penyelidikan Dan Pembangunan Latihan', 3, NULL),
(20, 'Cawangan Akreditasi', 3, NULL),
(22, 'Unit Peralatan Kebombaan/Mekanikal', 3, NULL),
(23, 'Unit Tanah', 3, NULL),
(25, 'Seksyen Pengurusan Operasi', 3, NULL),
(27, 'Cawangan Pengurusan Operasi Kebombaan', 3, NULL),
(28, 'Cawangan Pengurusan Pasukan Penyelamat', 3, NULL),
(29, 'Pusat Pengurusan Operasi (PPO)', 3, NULL),
(30, 'Cawangan Pengurusan Balai', 3, NULL),
(31, 'Cawangan Pengurusan Sumber Air', 3, NULL),
(32, 'Cawangan Pengurusan Bomba Sukarela/Bantuan', 3, NULL),
(33, 'Cawangan Tugas Khas', 3, NULL),
(34, 'Unit Pengesan', 3, NULL),
(39, 'Cawangan Perakuan Keselamatan Kebakaran', 3, NULL),
(40, 'Cawangan Perakuan Perlesenan Bangunan', 3, NULL),
(41, 'Seksyen Penguatkuasaan Keselamatan Bangunan', 3, NULL),
(43, 'Cawangan Penghapusan Bahaya Kebakaran', 3, NULL),
(44, 'Cawangan Perakuan Bomba', 3, NULL),
(45, 'Cawangan Pendaftaran Keselamatan Kebakaran', 3, NULL),
(46, 'Cawangan Piawaian Keselamatan Kebakaran', 3, NULL),
(47, 'Bahagian Penyelenggaraan Dan Kejuruteraan', 3, NULL),
(50, 'Bahagian Logistik Dan Pengurusan Aset', 3, NULL),
(56, 'Pengkalan Udara Subang', 3, NULL),
(75, 'BBP Kangar', 1, 'KGR'),
(76, 'BBP Alor Setar', 1, 'AST'),
(63, 'Sel A', 3, NULL),
(64, 'Sel B', 3, NULL),
(66, 'Cawangan Penyiasatan Kebakaran', 3, NULL),
(67, 'Cawangan Pendakwaan Kebombaan', 3, NULL),
(68, 'Cawangan Perundangan Kebombaan', 3, NULL),
(69, 'Perancangan Dan Penyelidikan', 3, NULL),
(71, 'Kajian Pepasangan Keselamatan  Kebakaran', 3, NULL),
(72, 'Kajian Operasi Pemadaman Kebakaran', 3, NULL),
(73, 'Kajian Fire Behaviour', 3, NULL),
(74, 'Kajian Operasi Penyelamatan', 3, NULL),
(77, 'BBP Jitra', 1, 'JTR'),
(78, 'BBP Jalan Raja', 1, 'JRJ'),
(79, 'BBP Kuala Nerang', 1, 'KNG'),
(80, 'BBP Bukit Kayu Hitam', 1, 'BKH'),
(81, 'BBP Sungai Petani', 1, 'SGP'),
(82, 'BBP Guar Cempedak', 1, 'GCK'),
(83, 'BBP Sik', 1, 'SIK'),
(84, 'BBP Tikam Batu', 1, 'TBT'),
(85, 'BBP Kulim', 1, 'KLM'),
(86, 'BBP Kulim Hi-Tech', 1, 'KHT'),
(87, 'BBP Baling', 1, 'BLG'),
(88, 'BBP Serdang', 1, 'SDG'),
(89, 'BBP Langkawi', 1, 'LKW'),
(90, 'BBP Persiaran Putra', 1, 'LKP'),
(91, 'BBP Jalan Perak', 1, 'JPK'),
(92, 'BBP Bagan Jermal', 1, 'BJL'),
(93, 'BBP Lebuh Pantai', 1, 'LPI'),
(94, 'BBP Paya Terubong', 1, 'PTG'),
(95, 'BBP Bayan Baru', 1, 'BBU'),
(96, 'BBP Teluk Bahang', 1, 'TKB'),
(97, 'BBP Balik Pulau', 1, 'BPU'),
(98, 'BBP Bandar Perda', 1, 'BDP'),
(99, 'BBP Perai', 1, 'PRI'),
(100, 'BBP Bukit Mertajam', 1, 'BTM'),
(101, 'BBP Nibong Tebal', 1, 'NTL'),
(463, 'BBP Tatau', 1, NULL),
(102, 'BBP Sungai Bakap', 1, 'SBK'),
(103, 'BBP Butterworth', 1, 'BTH'),
(104, 'BBP Kepala Batas', 1, 'KPB'),
(105, 'BBP Kuala Muda', 1, 'KMD'),
(106, 'BBP Tasek Gelugor', 1, 'TGR'),
(107, 'BBP Ipoh', 1, 'IPH'),
(108, 'BBP Kampar', 1, 'KPR'),
(109, 'BBP Kuala Kangsar', 1, 'KKR'),
(110, 'BBP Batu Gajah', 1, 'BGH'),
(111, 'BBP Gopeng', 1, 'GPG'),
(112, 'BBP Sungai Siput', 1, 'SGS'),
(113, 'BBP Pasir Putih', 1, 'PTH'),
(114, 'BBP Simpang Pulai', 1, 'SGP'),
(115, 'BBP Taiping', 1, 'TPG'),
(116, 'BBP Pengkalan Hulu', 1, 'PHU'),
(117, 'BBP Gerik', 1, 'GRK'),
(118, 'BBP Lenggong', 1, 'LGG'),
(119, 'BBP Selama', 1, 'SMA'),
(120, 'BBP Parit Buntar', 1, 'PBR'),
(121, 'BBP Kamunting', 1, 'KTG'),
(122, 'BBP Kuala Kurau', 1, 'KKU'),
(123, 'BBP Bagan Serai', 1, 'BSI'),
(124, 'BBP Seri Manjung', 1, 'SMG'),
(125, 'BBP Sitiawan', 1, 'STN'),
(126, 'BBP Pantai Remis', 1, 'PRS'),
(127, 'BBP Parit', 1, 'PRT'),
(128, 'BBP Seri Iskandar', 1, 'SIR'),
(129, 'BBP Pulau Pangkor', 1, 'PPR'),
(130, 'BBP Tapah', 1, 'TPH'),
(131, 'BBP Teluk Intan', 1, 'TIN'),
(132, 'BBP Tanjung Malim', 1, 'TGM'),
(133, 'BBP Bidor', 1, 'BDR'),
(134, 'BBP Slim River', 1, 'SRR'),
(135, 'BBP Shah Alam', 1, 'SHA'),
(136, 'BBP Bukit Jelutong', 1, 'BJG'),
(137, 'BBP Sungai Buloh', 1, 'SGB'),
(138, 'BBP Jalan Penchala', 1, 'JPC'),
(139, 'BBP Subang Jaya', 1, 'SBJ'),
(140, 'BBP Serdang', 1, 'SRD'),
(141, 'BBP Damansara', 1, 'DMS'),
(142, 'BBP Seksyen 7 Petaling Jaya', 1, 'SPJ'),
(143, 'BBP Puchong', 1, 'PCG'),
(144, 'BBP Pandan Indah', 1, 'PDN'),
(145, 'BBP Ampang', 1, 'APG'),
(146, 'BBP Bangi', 1, 'BGI'),
(147, 'BBP Kajang', 1, 'KJG'),
(148, 'BBP Pelabuhan Klang', 1, 'PKG'),
(149, 'BBP Kota Raja', 1, 'KAR'),
(150, 'BBP Andalas', 1, 'AND'),
(151, 'BBP  Sungai Pinang', 1, 'SPG'),
(152, 'BBP KLIA', 1, 'KLI'),
(153, 'BBP Cyberjaya', 1, 'CBY'),
(154, 'BBP Banting', 1, 'BTN'),
(155, 'BBP Sepang', 1, 'SPG'),
(156, 'BBP Sabak Bernam', 1, 'SBK'),
(157, 'BBP Sungai Besar', 1, 'SBR'),
(158, 'BBP Sekinchan', 1, 'SKN'),
(159, 'BBP Tanjung Karang', 1, 'TGK'),
(160, 'BBP Kuala Selangor', 1, 'KSG'),
(161, 'BBP Bestari Jaya', 1, 'BJY'),
(162, 'BBP Selayang', 1, 'SLY'),
(163, 'BBP Rawang', 1, 'RWG'),
(164, 'BBP Kuala Kubu Bahru', 1, 'KKB'),
(165, 'BBP Batu Arang', 1, 'BTA'),
(166, 'BBP Jalan Hang Tuah', 1, 'PST'),
(167, 'BBP Seremban', 1, 'SBN'),
(168, 'BBP Seremban 2', 1, 'SB2'),
(169, 'BBP Senawang', 1, 'SWG'),
(170, 'BBP Mantin', 1, 'MTN'),
(171, 'BBP Nilai', 1, 'NLI'),
(172, 'BBP Port Dickson', 1, 'PDN'),
(173, 'BBP Teluk Kemang', 1, 'TKG'),
(174, 'BBP Rembau', 1, 'RBU'),
(175, 'BBP Tampin', 1, 'TPN'),
(176, 'BBP Gemas', 1, 'GMS'),
(177, 'BBP Jempol', 1, 'BSJ'),
(178, 'BBP Bahau', 1, 'BHU'),
(179, 'BBP Kuala Pilah', 1, 'KPH'),
(180, 'BBP Jelebu', 1, 'JBU'),
(181, 'BBP Jalan Kubu', 1, 'JKB'),
(182, 'BBP Ayer Keroh', 1, 'AKR'),
(183, 'BBP Bukit Katil', 1, 'BKL'),
(184, 'BBP Jasin', 1, 'JSN'),
(185, 'BBP Merlimau', 1, 'MLU'),
(186, 'BBP Alor Gajah', 1, 'ALG'),
(187, 'BBP Masjid Tanah', 1, 'MST'),
(188, 'BBP Johor Bahru', 1, 'JBH'),
(189, 'BBP Johor Jaya', 1, 'JJA'),
(190, 'BBP Pasir Gudang', 1, 'PSG'),
(191, 'BBP Kulai', 1, 'KLI'),
(192, 'BBP Pontian', 1, 'PTN'),
(193, 'BBP Pekan Nenas', 1, 'PNS'),
(194, 'BBP Pontian Baru', 1, 'PTB'),
(195, 'BBP Pulai', 1, 'PUL'),
(196, 'BBP Muar', 1, 'MUR'),
(197, 'BBP Bandar Putra', 1, 'BPT'),
(198, 'BBP Jalan Abdullah', 1, 'SGT'),
(199, 'BBP Tangkak', 1, 'TGK'),
(200, 'BBP Labis', 1, 'LBS'),
(201, 'BBP Bukit Gambir', 1, 'BGR'),
(202, 'BBP Kluang', 1, 'KLG'),
(203, 'BBP Batu Pahat (Timah Sari)', 1, 'JTS'),
(204, 'BBP Jln Mohd.Khalid', 1, 'JMK'),
(205, 'BBP Yong Peng', 1, 'YPG'),
(206, 'BBP Rengit', 1, 'RGT'),
(207, 'BBP Renggam', 1, 'RGM'),
(208, 'BBP Ayer Hitam', 1, 'AHM'),
(209, 'BBP Kota Tinggi', 1, 'KTG'),
(210, 'BBP Penawar', 1, 'PNR'),
(211, 'BBP Mersing', 1, 'MSG'),
(212, 'BBP Endau', 1, 'EDU'),
(213, 'BBP Kuantan', 1, 'KTN'),
(214, 'BBP Gebeng', 1, 'GBG'),
(215, 'BBP Indera Mahkota', 1, 'BIM'),
(216, 'BBP Taman TAS', 1, 'TMT'),
(217, 'BBP Rompin', 1, 'RPN'),
(218, 'BBP Peramu', 1, 'PRM'),
(219, 'BBP Pekan', 1, 'PKN'),
(220, 'BBP Muadzam Shah', 1, 'MDZ'),
(221, 'BBP Temerloh', 1, 'TML'),
(222, 'BBP Bentong', 1, 'BTG'),
(223, 'BBP Genting', 1, 'GTH'),
(224, 'BBP Jengka', 1, 'JGK'),
(225, 'BBP Maran', 1, 'MRN'),
(226, 'BBP Karak', 1, 'KRK'),
(227, 'BBP Mentakab', 1, 'MKB'),
(228, 'BBP Triang', 1, 'TRI'),
(229, 'BBP Jerantut', 1, 'JRT'),
(230, 'BBP Raub', 1, 'RUB'),
(231, 'BBP Kuala Lipis', 1, 'KLS'),
(232, 'BBP Cameron Highland', 1, 'CMH'),
(233, 'BBP Kota Bharu', 1, 'KBH'),
(234, 'BBP Kota Darul Naim', 1, 'KDN'),
(235, 'BBP Pengkalan Chepa', 1, 'PCP'),
(236, 'BBP Ketereh', 1, 'KET'),
(237, 'BBP Pasir Mas', 1, 'PMS'),
(238, 'BBP Rantau Panjang', 1, 'RPG'),
(239, 'BBP Tumpat', 1, 'TPT'),
(240, 'BBP Pengkalan Kubor', 1, 'PKB'),
(241, 'BBP Tanah Merah', 1, 'TMH'),
(242, 'BBP Jeli', 1, 'JLI'),
(243, 'BBP Machang', 1, 'MCG'),
(244, 'BBP Bachok', 1, 'BCK'),
(245, 'BBP Pasir Puteh', 1, 'PPH'),
(246, 'BBP Kuala Krai', 1, 'KRI'),
(247, 'BBP Gua Musang', 1, 'GMG'),
(248, 'BBP Kuala Terengganu', 1, 'KTR'),
(249, 'BBP Jalan Kota', 1, 'JLK'),
(250, 'BBP Marang', 1, 'MRG'),
(251, 'BBP Wakaf Tapai', 1, 'WTI'),
(252, 'BBP Kuala Berang', 1, 'KBG'),
(253, 'BBP Setiu', 1, 'STU'),
(254, 'BBP Jerteh', 1, 'JTH'),
(255, 'BBP Besut', 1, 'BST'),
(256, 'BBP Dungun', 1, 'DGN'),
(257, 'BBP Paka', 1, 'PKA'),
(258, 'BBP Kemaman', 1, 'KMN'),
(259, 'BBP Chukai', 1, 'CKI'),
(260, 'BBP Kerteh', 1, 'KTH'),
(261, 'BBP Al-Muktafi Billah Shah', 1, 'AMB'),
(262, 'BBP Cheneh', 1, 'CNH'),
(263, 'BBP Petra Jaya', 1, 'PJA'),
(264, 'BBP Kuching', 1, 'KCG'),
(265, 'BBP Batu Lintang', 1, 'BLG'),
(266, 'BBP Lundu', 1, 'LDU'),
(267, 'BBP Bau', 1, 'BAU'),
(268, 'BBP Tabuan Jaya', 1, 'TJA'),
(269, 'BBP Kota Samarahan', 1, 'KSN'),
(270, 'BBP Siburan', 1, 'SBN'),
(271, 'BBP Simunjan', 1, 'SJN'),
(272, 'BBP Serian', 1, 'SRN'),
(273, 'BBP Sri Aman', 1, 'SRI'),
(274, 'BBP Betong', 1, 'BET'),
(275, 'BBP Saratok', 1, 'SRK'),
(276, 'BBP Sarikei', 1, 'SKI'),
(277, 'BBP Bintangor', 1, 'BIN'),
(278, 'BBP Kanowit', 1, 'KWT'),
(279, 'BBP Kapit', 1, 'KPT'),
(280, 'BBP Mukah', 1, 'MKH'),
(281, 'BBP Sibu', 1, 'SBU'),
(282, 'BBP Sungai Merah', 1, 'SGM'),
(283, 'BBP Bintulu', 1, 'BTU'),
(284, 'BBP Miri', 1, 'MRI'),
(285, 'BBP Lopeng', 1, 'LPG'),
(286, 'BBP Marudi', 1, 'MRD'),
(287, 'BBP Limbang', 1, 'LBG'),
(288, 'BBP Lawas', 1, 'LWS'),
(289, 'BBP Kota Kinabalu', 1, 'KBU'),
(290, 'BBP Lintas', 1, 'JLS'),
(291, 'BBP Penampang', 1, 'PPG'),
(292, 'BBP Tuaran', 1, 'TRN'),
(293, 'BBP Kudat', 1, 'KDT'),
(294, 'BBP Ranau', 1, 'RNU'),
(295, 'BBP Kota Belud', 1, 'KBD'),
(296, 'BBP Kota Marudu', 1, 'KMU'),
(297, 'BBP Sipitang', 1, 'SPG'),
(298, 'BBP Beaufort', 1, 'BFT'),
(299, 'BBP Papar', 1, 'PPR'),
(300, 'BBP Kuala Penyu', 1, 'KPU'),
(301, 'BBP Tawau', 1, 'TWU'),
(302, 'BBP Kunak', 1, 'KNK'),
(303, 'BBP Semporna', 1, 'SEM'),
(304, 'BBP Lahad Datu', 1, 'LDU'),
(305, 'BBP Sandakan', 1, 'SDK'),
(306, 'BBP Keningau', 1, 'KGU'),
(307, 'BBP Tambunan', 1, 'TBN'),
(308, 'BBP Tenom', 1, 'TEN'),
(451, 'Cawangan Program Kesedaran Keselamatan Awam', 3, NULL),
(310, 'Akademi Kuala Kubu Bharu', 2, NULL),
(311, 'Akademi Wakaf Tapai', 2, NULL),
(312, 'Akademi Ipoh', 2, NULL),
(313, 'Akademi Sarawak', 2, NULL),
(315, 'BBP Seputih', 1, 'TMD'),
(317, 'BBP Padang Besar', 1, 'PDB'),
(318, 'BBP Arau', 1, 'ARU'),
(319, 'BBP Kuala Perlis', 1, 'KPL'),
(452, 'Unit Pemantauan Dan Penyelengaaraan Projek', 3, NULL),
(453, 'Unit Pengurusan Kualiti', 3, NULL),
(334, 'BBP Labuan', 1, 'BBL'),
(335, 'BBP Kg Jawa', 1, 'BBJ'),
(336, 'BBP Layangan', 1, 'BLL'),
(337, 'BBP Putrajaya', 1, 'PJY'),
(342, 'BBP Jinjang', 1, 'JJG'),
(343, 'BBP Gombak Selatan', 1, 'GKS'),
(344, 'BBP Wangsa Maju', 1, 'WGM'),
(345, 'BBP Setapak', 1, 'STK'),
(346, 'BBP Sentul', 1, 'STL'),
(347, 'BBP Keramat', 1, 'JLK'),
(348, 'BBP Titiwangsa', 1, 'CKT'),
(349, 'BBP Sri Hartamas', 1, 'SHM'),
(350, 'BBP Taman Tun Dr Ismail', 1, 'TDI'),
(351, 'BBP Pantai', 1, 'PTI'),
(353, 'BBP Pudu', 1, 'PDU'),
(354, 'BBP Cheras', 1, 'CRS'),
(356, 'BBP Sungai Besi', 1, 'SBI'),
(357, 'BBP Bandar Tun Razak', 1, 'BTK'),
(358, 'BBP Bukit Jalil', 1, 'BKJ'),
(359, 'Cawangan Logistik Dan Bekalan', 3, NULL),
(361, 'BBP Tangga Batu', 1, 'TBT'),
(362, 'Akademi Sabah', 2, NULL),
(367, 'Zon Alor Gajah', 4, NULL),
(366, 'BBP Sri Balik Pulau', 1, 'SBP'),
(368, 'Zon Melaka Tengah', 4, NULL),
(370, 'Zon Hulu Langat', 4, NULL),
(371, 'Zon KLIA', 4, NULL),
(372, 'Zon Rawang', 4, NULL),
(373, 'Zon Klang', 4, NULL),
(374, 'Zon Shah Alam', 4, NULL),
(375, 'Zon Sabak Bernam', 4, NULL),
(376, 'Zon Petaling', 4, NULL),
(377, 'Zon Langkawi', 4, NULL),
(378, 'Zon Kulim', 4, NULL),
(379, 'Zon Kota Setar', 4, NULL),
(380, 'Zon Sungai Petani', 4, NULL),
(381, 'BBP Yan', 1, 'YAN'),
(382, 'BBP Hutan Melintang', 1, 'HTM'),
(383, 'BBP Nenasi', 1, 'NSI'),
(393, 'Zon Limbang', 4, NULL),
(392, 'Zon Miri', 4, NULL),
(391, 'Zon Sibu', 4, NULL),
(390, 'BBP Simpang Pertang', 1, 'SPP'),
(394, 'Zon Bintulu', 4, NULL),
(396, 'Zon Kluang', 4, NULL),
(397, 'Zon Kota Tinggi', 4, NULL),
(398, 'Zon Muar', 4, NULL),
(399, 'Zon Kota Bharu', 4, NULL),
(400, 'Zon Machang', 4, NULL),
(401, 'Zon Jempol', 4, NULL),
(402, 'Zon Port Dikson', 4, NULL),
(403, 'Zon Seremban', 4, NULL),
(404, 'Zon Kuantan', 4, NULL),
(405, 'Zon Lipis', 4, NULL),
(406, 'Zon Temerloh', 4, NULL),
(407, 'Zon Ipoh', 4, NULL),
(408, 'Zon Manjung', 4, NULL),
(409, 'Zon Taiping', 4, NULL),
(410, 'Zon Tapah', 4, NULL),
(411, 'Zon Bayan Lepas', 4, NULL),
(412, 'Zon Butterworth', 4, NULL),
(413, 'Zon Jalan Perak', 4, NULL),
(414, 'Zon Perai', 4, NULL),
(415, 'Zon Beaufort', 4, NULL),
(416, 'Zon Keningau', 4, NULL),
(417, 'Zon Kota Kinabalu', 4, NULL),
(418, 'Zon Kudat', 4, NULL),
(419, 'Zon Sandakan', 4, NULL),
(420, 'Zon Tawau', 4, NULL),
(421, 'Zon Kuching', 4, NULL),
(422, 'Zon Samarahan', 4, NULL),
(423, 'Zon Sri Aman', 4, NULL),
(424, 'Zon K. Terengganu', 4, NULL),
(425, 'Zon Kerteh', 4, NULL),
(426, 'Bahagian Operasi Negeri', 3, NULL),
(427, 'Bahagian Latihan Negeri', 3, NULL),
(428, 'Bahagian Keselamatan Kebakaran Negeri', 3, NULL),
(429, 'Bahagian Penyiasatan Kebakaran Negeri', 3, NULL),
(430, 'Bahagian Kejuruteraan Negeri', 3, NULL),
(432, 'Bahagian Pengurusan Negeri', 3, NULL),
(433, 'Operasi Am', 3, NULL),
(435, 'Pejabat Pengarah Negeri', 3, NULL),
(436, 'Pejabat Timbalan Pengarah Negeri', 3, NULL),
(465, 'Pejabat Timbalan Ketua Pengarah (Pembangunan)', 3, NULL),
(464, 'Pejabat Timbalan Ketua Pengarah (Operasi)', 3, NULL),
(441, 'Zon Johor Bharu', 4, NULL),
(443, 'Cawangan Kajian Operasi Pemadaman Kebakaran', 3, NULL),
(444, 'BBP Jasin Bestari', 1, 'JSB'),
(445, 'Cawangan Kajian Operasi Penyelamatan', 3, NULL),
(446, 'Cawangan Kajian Pepasangan Keselamatan Kebakaran', 3, NULL),
(447, 'Cawangan Kajian Fire Behaviour', 3, NULL),
(448, 'BBP Tunjung', 1, 'TJG'),
(450, 'BBP Kinabatangan', 1, 'KBT'),
(455, 'BBP Semenyih', 1, NULL),
(456, 'BBP Bukit Angin', 1, NULL),
(457, 'BBP Meru Raya', 1, NULL),
(458, 'Pengkalan Udara Bertam', 3, NULL),
(459, 'Unit Integriti', 3, NULL),
(460, 'BBP Samalaju', 1, NULL),
(461, 'BBP Kulai Jaya', 1, NULL),
(462, 'BBP Tebrau', 1, NULL),
(466, 'BBP Kuala Nerus', 1, NULL),
(467, 'BBP Tebrau', 1, NULL),
(468, 'BBP Padang Temu', 1, NULL),
(469, 'BBP Pasir Tumbuh', 1, NULL),
(470, 'BBP Nusa Jaya', 1, NULL),
(471, 'BBP KLCC', 1, NULL),
(472, 'BBP Simpang Ampat', 1, NULL);

--
-- Indexes for dumped tables
--

--
-- Indexes for table `bahagian`
--
ALTER TABLE `bahagian`
  ADD PRIMARY KEY (`id_bahagian`);

--
-- Indexes for table `bahagian_unit`
--
ALTER TABLE `bahagian_unit`
  ADD PRIMARY KEY (`id_bahagian_unit`),
  ADD KEY `id_bahagian_unit` (`id_bahagian_unit`);

--
-- Indexes for table `negeri`
--
ALTER TABLE `negeri`
  ADD PRIMARY KEY (`id_negeri`);

--
-- Indexes for table `unit`
--
ALTER TABLE `unit`
  ADD PRIMARY KEY (`id_unit`);

--
-- AUTO_INCREMENT for dumped tables
--

--
-- AUTO_INCREMENT for table `bahagian`
--
ALTER TABLE `bahagian`
  MODIFY `id_bahagian` int(254) NOT NULL AUTO_INCREMENT, AUTO_INCREMENT=84;
--
-- AUTO_INCREMENT for table `bahagian_unit`
--
ALTER TABLE `bahagian_unit`
  MODIFY `id_bahagian_unit` int(254) NOT NULL AUTO_INCREMENT, AUTO_INCREMENT=565;
--
-- AUTO_INCREMENT for table `negeri`
--
ALTER TABLE `negeri`
  MODIFY `id_negeri` int(2) NOT NULL AUTO_INCREMENT, AUTO_INCREMENT=18;
--
-- AUTO_INCREMENT for table `unit`
--
ALTER TABLE `unit`
  MODIFY `id_unit` int(254) NOT NULL AUTO_INCREMENT, AUTO_INCREMENT=473;
/*!40101 SET CHARACTER_SET_CLIENT=@OLD_CHARACTER_SET_CLIENT */;
/*!40101 SET CHARACTER_SET_RESULTS=@OLD_CHARACTER_SET_RESULTS */;
/*!40101 SET COLLATION_CONNECTION=@OLD_COLLATION_CONNECTION */;
